course_code	slug	target_lang	pricing_tier	voice	origin	clips	d_min	d_max	vpass	vfail	vnull	dangling
ara_eg_for_eng	pod-0	ara	premium	eve	tts	43	2026-06-08	2026-06-19	0	0	43	0
ara_eg_for_eng	pod-0	ara	premium	rex	tts	46	2026-06-08	2026-06-19	0	0	46	0
ara_eg_for_eng	pod-0	ara	premium	ara	tts	18	2026-06-08	2026-06-10	0	0	18	0
ara_eg_for_eng	pod-0	ara	premium	sal	tts	22	2026-06-08	2026-06-10	0	0	22	0
ara_eg_for_eng	pod-0	ara	premium	xai_ara	tts	2	2026-06-10	2026-06-10	0	0	2	0
ara_eg_for_eng	pod-0	ara	premium	xai_sal	tts	3	2026-06-10	2026-06-10	0	0	3	0
ara_eg_for_eng	pod-0	ara	premium	xai_eve	tts	4	2026-06-10	2026-06-19	0	0	4	0
ara_eg_for_eng	pod-0	ara	premium	xai_rex	tts	4	2026-06-10	2026-06-10	0	0	4	0
ara_eg_for_eng	pod-0-unrecorded	ara	premium	eve	tts	36	2026-06-08	2026-06-19	0	0	36	0
ara_eg_for_eng	pod-0-unrecorded	ara	premium	rex	tts	41	2026-06-08	2026-06-19	0	0	41	0
ara_eg_for_eng	pod-0-unrecorded	ara	premium	ara	tts	16	2026-06-08	2026-06-10	0	0	16	0
ara_eg_for_eng	pod-0-unrecorded	ara	premium	sal	tts	21	2026-06-08	2026-06-10	0	0	21	0
ara_eg_for_eng	pod-0-unrecorded	ara	premium	xai_eve	tts	4	2026-06-10	2026-06-19	0	0	4	0
ara_eg_for_eng	pod-0-unrecorded	ara	premium	xai_rex	tts	4	2026-06-10	2026-06-10	0	0	4	0
ara_eg_for_eng	pod-0-unrecorded	ara	premium	xai_sal	tts	3	2026-06-10	2026-06-10	0	0	3	0
ara_eg_for_eng	pod-0-unrecorded	ara	premium	xai_ara	tts	1	2026-06-10	2026-06-10	0	0	1	0
ara_for_eng	pod-0	ara	premium	23468361b4ef	tts	8	2026-06-08	2026-06-10	0	0	8	0
ara_for_eng	pod-0	ara	premium	70013edeb8e8	tts	56	2026-06-08	2026-06-19	0	0	56	0
ara_for_eng	pod-0	ara	premium	ara	tts	42	2026-06-08	2026-06-19	0	0	42	0
ara_for_eng	pod-0	ara	premium	35c8d7f60dc8	tts	17	2026-06-10	2026-06-19	0	0	17	0
ara_for_eng	pod-0	ara	premium	xai_eve	tts	3	2026-06-10	2026-06-10	0	0	3	0
ara_for_eng	pod-0	ara	premium	xai_ara	tts	5	2026-06-10	2026-06-19	0	0	5	0
ara_for_eng	pod-0	ara	premium	eve	tts	11	2026-06-10	2026-06-19	0	0	11	0
ara_for_eng	pod-0-unrecorded	ara	premium	ara	tts	35	2026-06-08	2026-06-10	0	0	35	0
ara_for_eng	pod-0-unrecorded	ara	premium	23468361b4ef	tts	8	2026-06-08	2026-06-10	0	0	8	0
ara_for_eng	pod-0-unrecorded	ara	premium	70013edeb8e8	tts	45	2026-06-08	2026-06-19	0	0	45	0
ara_for_eng	pod-0-unrecorded	ara	premium	eve	tts	10	2026-06-10	2026-06-19	0	0	10	0
ara_for_eng	pod-0-unrecorded	ara	premium	xai_eve	tts	2	2026-06-10	2026-06-10	0	0	2	0
ara_for_eng	pod-0-unrecorded	ara	premium	35c8d7f60dc8	tts	14	2026-06-10	2026-06-19	0	0	14	0
ara_for_eng	pod-0-unrecorded	ara	premium	xai_ara	tts	3	2026-06-10	2026-06-10	0	0	3	0
ara_sy_for_eng	pod-0	ara	premium	ar-SY-LaithNeural	tts	85	2026-06-08	2026-07-16	0	0	85	0
ara_sy_for_eng	pod-0	ara	premium	azure_ar-SY-LaithNeural	tts	4	2026-06-10	2026-07-16	0	0	4	0
ara_sy_for_eng	pod-0	ara	premium	ar-SY-AmanyNeural	tts	28	2026-06-10	2026-07-16	0	0	28	0
ara_sy_for_eng	pod-0	ara	premium	azure_ar-SY-AmanyNeural	tts	6	2026-06-10	2026-07-16	0	0	6	0
bul_for_eng	pod-0	bul	free	bg-BG-KalinaNeural	tts	66	2026-05-05	2026-07-16	0	0	66	0
bul_for_eng	pod-0	bul	free	bg-BG-BorislavNeural	tts	66	2026-06-08	2026-07-16	0	0	66	0
bul_for_eng	pod-0	bul	free	azure_bg-BG-KalinaNeural	tts	4	2026-06-10	2026-06-19	0	0	4	0
bul_for_eng	pod-0	bul	free	azure_bg-BG-BorislavNeural	tts	6	2026-06-10	2026-06-11	0	0	6	0
bul_for_eng	pod-0-unrecorded	bul	free	bg-BG-KalinaNeural	tts	58	2026-05-05	2026-07-16	0	0	58	0
bul_for_eng	pod-0-unrecorded	bul	free	bg-BG-BorislavNeural	tts	56	2026-06-08	2026-07-16	0	0	56	0
bul_for_eng	pod-0-unrecorded	bul	free	azure_bg-BG-KalinaNeural	tts	4	2026-06-10	2026-06-19	0	0	4	0
bul_for_eng	pod-0-unrecorded	bul	free	azure_bg-BG-BorislavNeural	tts	4	2026-06-10	2026-06-11	0	0	4	0
cat_for_eng	pod-0	cat	free	ca-ES-AlbaNeural	tts	26	2026-06-08	2026-06-10	0	0	26	0
cat_for_eng	pod-0	cat	free	ca-ES-EnricNeural	tts	81	2026-06-08	2026-07-16	0	0	81	0
cat_for_eng	pod-0	cat	free	ca-ES-JoanaNeural	tts	16	2026-06-10	2026-06-10	0	0	16	0
cat_for_eng	pod-0	cat	free	azure_ca-ES-EnricNeural	tts	11	2026-06-10	2026-07-16	0	0	11	0
cat_for_eng	pod-0	cat	free	azure_ca-ES-JoanaNeural	tts	2	2026-06-10	2026-06-10	0	0	2	0
cat_for_eng	pod-0	cat	free	azure_ca-ES-AlbaNeural	tts	6	2026-06-10	2026-06-10	0	0	6	0
cat_for_eng	pod-0-unrecorded	cat	free	ca-ES-EnricNeural	tts	69	2026-06-08	2026-07-16	0	0	69	0
cat_for_eng	pod-0-unrecorded	cat	free	ca-ES-AlbaNeural	tts	19	2026-06-08	2026-06-10	0	0	19	0
cat_for_eng	pod-0-unrecorded	cat	free	azure_ca-ES-AlbaNeural	tts	5	2026-06-10	2026-06-10	0	0	5	0
cat_for_eng	pod-0-unrecorded	cat	free	azure_ca-ES-EnricNeural	tts	11	2026-06-10	2026-07-16	0	0	11	0
cat_for_eng	pod-0-unrecorded	cat	free	ca-ES-JoanaNeural	tts	10	2026-06-10	2026-06-10	0	0	10	0
cat_for_eng	pod-0-unrecorded	cat	free	azure_ca-ES-JoanaNeural	tts	1	2026-06-10	2026-06-10	0	0	1	0
cat_for_spa	pod-0	cat	free	azure_ca-ES-EnricNeural	tts	7	2026-06-08	2026-07-16	0	0	7	0
cat_for_spa	pod-0	cat	free	ca-ES-EnricNeural	tts	79	2026-06-08	2026-07-16	0	0	79	0
cat_for_spa	pod-0	cat	free	ca-ES-AlbaNeural	tts	32	2026-06-08	2026-06-19	0	0	32	0
cat_for_spa	pod-0	cat	free	azure_ca-ES-JoanaNeural	tts	1	2026-06-10	2026-06-10	0	0	1	0
cat_for_spa	pod-0	cat	free	azure_ca-ES-AlbaNeural	tts	6	2026-06-10	2026-06-10	0	0	6	0
cat_for_spa	pod-0	cat	free	ca-ES-JoanaNeural	tts	17	2026-06-10	2026-06-10	0	0	17	0
cym_n_for_eng	pod-0	cym	premium	human_aran_cym_n	human	65	2026-06-15	2026-08-10	0	0	65	0
cym_n_for_eng	pod-0	cym	premium	human_aran_cym_n_2	human	22	2026-06-15	2026-06-15	0	0	22	0
dan_for_eng	pod-0	dan	free	0ih5oi34	tts	56	2026-06-08	2026-06-19	0	0	56	0
dan_for_eng	pod-0	dan	free	ara	tts	43	2026-06-08	2026-06-10	0	0	43	0
dan_for_eng	pod-0	dan	free	gwnexu6y	tts	8	2026-06-08	2026-06-19	0	0	8	0
dan_for_eng	pod-0	dan	free	eve	tts	12	2026-06-08	2026-06-10	0	0	12	0
dan_for_eng	pod-0	dan	free	xai_ara	tts	4	2026-06-10	2026-06-10	0	0	4	0
dan_for_eng	pod-0	dan	free	97zmdc6s	tts	17	2026-06-10	2026-06-10	0	0	17	0
dan_for_eng	pod-0	dan	free	xai_eve	tts	2	2026-06-10	2026-06-10	0	0	2	0
dan_for_eng	pod-0-unrecorded	dan	free	eve	tts	7	2026-06-08	2026-06-10	0	0	7	0
dan_for_eng	pod-0-unrecorded	dan	free	ara	tts	28	2026-06-08	2026-06-10	0	0	28	0
dan_for_eng	pod-0-unrecorded	dan	free	0ih5oi34	tts	45	2026-06-08	2026-06-19	0	0	45	0
dan_for_eng	pod-0-unrecorded	dan	free	gwnexu6y	tts	5	2026-06-08	2026-06-19	0	0	5	0
dan_for_eng	pod-0-unrecorded	dan	free	xai_ara	tts	3	2026-06-10	2026-06-10	0	0	3	0
dan_for_eng	pod-0-unrecorded	dan	free	97zmdc6s	tts	13	2026-06-10	2026-06-10	0	0	13	0
dan_for_eng	pod-0-unrecorded	dan	free	xai_eve	tts	1	2026-06-10	2026-06-10	0	0	1	0
deu_at_for_eng	pod-0	deu	premium	xai_44c91d64	tts	33	2026-08-07	2026-08-08	0	0	33	0
deu_at_for_eng	pod-0	deu	premium	xai_e1fc5a89	tts	67	2026-08-07	2026-08-08	0	0	67	0
deu_for_eng	pod-0	deu	premium	41321eb41295	tts	46	2026-06-08	2026-06-10	0	0	46	0
deu_for_eng	pod-0	deu	premium	40f31906b23d	tts	10	2026-06-08	2026-06-10	0	0	10	0
deu_for_eng	pod-0	deu	premium	3a7889066fa2	tts	47	2026-06-08	2026-06-19	0	0	47	0
deu_for_eng	pod-0	deu	premium	xai_ara	tts	2	2026-06-10	2026-06-10	0	0	2	0
deu_for_eng	pod-0	deu	premium	ara	tts	12	2026-06-10	2026-06-10	0	0	12	0
deu_for_eng	pod-0	deu	premium	458705c07139	tts	17	2026-06-10	2026-06-19	0	0	17	0
deu_for_eng	pod-0	deu	premium	xai_eve	tts	2	2026-06-10	2026-06-10	0	0	2	0
deu_for_eng	pod-0	deu	premium	eve	tts	6	2026-06-10	2026-06-10	0	0	6	0
deu_for_eng	pod-0-unrecorded	deu	premium	40f31906b23d	tts	10	2026-06-08	2026-06-10	0	0	10	0
deu_for_eng	pod-0-unrecorded	deu	premium	3a7889066fa2	tts	36	2026-06-08	2026-06-19	0	0	36	0
deu_for_eng	pod-0-unrecorded	deu	premium	ara	tts	10	2026-06-10	2026-06-10	0	0	10	0
deu_for_eng	pod-0-unrecorded	deu	premium	458705c07139	tts	14	2026-06-10	2026-06-19	0	0	14	0
deu_for_eng	pod-0-unrecorded	deu	premium	xai_ara	tts	2	2026-06-10	2026-06-10	0	0	2	0
deu_for_eng	pod-0-unrecorded	deu	premium	eve	tts	4	2026-06-10	2026-06-10	0	0	4	0
deu_for_eng	pod-0-unrecorded	deu	premium	41321eb41295	tts	41	2026-06-10	2026-06-10	0	0	41	0
deu_for_eng	pod-0-unrecorded	deu	premium	xai_eve	tts	2	2026-06-10	2026-06-10	0	0	2	0
deu_for_jpn	pod-0	deu	premium	40f31906b23d	tts	10	2026-06-08	2026-06-10	0	0	10	0
deu_for_jpn	pod-0	deu	premium	41321eb41295	tts	46	2026-06-08	2026-06-10	0	0	46	0
deu_for_jpn	pod-0	deu	premium	xai_eve	tts	1	2026-06-10	2026-06-10	0	0	1	0
deu_for_jpn	pod-0	deu	premium	3a7889066fa2	tts	47	2026-06-10	2026-06-10	0	0	47	0
deu_for_jpn	pod-0	deu	premium	ara	tts	12	2026-06-10	2026-06-10	0	0	12	0
deu_for_jpn	pod-0	deu	premium	eve	tts	7	2026-06-10	2026-06-10	0	0	7	0
deu_for_jpn	pod-0	deu	premium	458705c07139	tts	17	2026-06-10	2026-06-19	0	0	17	0
deu_for_jpn	pod-0	deu	premium	xai_ara	tts	2	2026-06-10	2026-06-10	0	0	2	0
ell_for_eng	pod-0	ell	free	azure_el-GR-AthinaNeural	tts	3	2026-05-05	2026-06-10	0	0	3	0
ell_for_eng	pod-0	ell	free	el-GR-AthinaNeural	tts	67	2026-05-05	2026-07-16	0	0	67	0
ell_for_eng	pod-0	ell	free	el-GR-NestorasNeural	tts	65	2026-06-08	2026-07-16	0	0	65	0
ell_for_eng	pod-0	ell	free	azure_el-GR-NestorasNeural	tts	7	2026-06-10	2026-07-16	0	0	7	0
ell_for_eng	pod-0-unrecorded	ell	free	azure_el-GR-AthinaNeural	tts	2	2026-05-05	2026-06-10	0	0	2	0
ell_for_eng	pod-0-unrecorded	ell	free	el-GR-AthinaNeural	tts	53	2026-05-05	2026-07-16	0	0	53	0
ell_for_eng	pod-0-unrecorded	ell	free	el-GR-NestorasNeural	tts	56	2026-06-08	2026-07-16	0	0	56	0
ell_for_eng	pod-0-unrecorded	ell	free	azure_el-GR-NestorasNeural	tts	6	2026-06-10	2026-07-16	0	0	6	0
est_for_eng	pod-0	est	free	et-EE-AnuNeural	tts	63	2026-05-05	2026-06-19	0	0	63	0
est_for_eng	pod-0	est	free	azure_et-EE-KertNeural	tts	7	2026-06-08	2026-06-19	0	0	7	0
est_for_eng	pod-0	est	free	et-EE-KertNeural	tts	63	2026-06-08	2026-06-19	0	0	63	0
est_for_eng	pod-0	est	free	azure_et-EE-AnuNeural	tts	9	2026-06-10	2026-06-19	0	0	9	0
est_for_eng	pod-0-unrecorded	est	free	et-EE-AnuNeural	tts	56	2026-05-05	2026-06-19	0	0	56	0
est_for_eng	pod-0-unrecorded	est	free	et-EE-KertNeural	tts	54	2026-06-08	2026-06-19	0	0	54	0
est_for_eng	pod-0-unrecorded	est	free	azure_et-EE-KertNeural	tts	6	2026-06-08	2026-06-10	0	0	6	0
est_for_eng	pod-0-unrecorded	est	free	azure_et-EE-AnuNeural	tts	6	2026-06-10	2026-06-11	0	0	6	0
eus_for_eng	pod-0	eus	free	eu-ES-AinhoaNeural	tts	65	2026-04-21	2026-06-19	0	0	65	0
eus_for_eng	pod-0	eus	free	eu-ES-AnderNeural	tts	64	2026-05-06	2026-06-19	0	0	64	0
eus_for_eng	pod-0	eus	free	azure_eu-ES-AnderNeural	tts	6	2026-06-10	2026-06-19	0	0	6	0
eus_for_eng	pod-0	eus	free	azure_eu-ES-AinhoaNeural	tts	7	2026-06-10	2026-06-19	0	0	7	0
eus_for_eng	pod-0-unrecorded	eus	free	eu-ES-AinhoaNeural	tts	57	2026-04-21	2026-06-19	0	0	57	0
eus_for_eng	pod-0-unrecorded	eus	free	azure_eu-ES-AnderNeural	tts	5	2026-06-10	2026-06-19	0	0	5	0
eus_for_eng	pod-0-unrecorded	eus	free	eu-ES-AnderNeural	tts	52	2026-06-10	2026-06-19	0	0	52	0
eus_for_eng	pod-0-unrecorded	eus	free	azure_eu-ES-AinhoaNeural	tts	6	2026-06-10	2026-06-19	0	0	6	0
eus_for_spa	pod-0	eus	free	eu-ES-AinhoaNeural	tts	62	2026-03-15	2026-06-19	0	0	62	0
eus_for_spa	pod-0	eus	free	eu-ES-AnderNeural	tts	63	2026-06-10	2026-06-19	0	0	63	0
eus_for_spa	pod-0	eus	free	azure_eu-ES-AnderNeural	tts	7	2026-06-10	2026-06-11	0	0	7	0
eus_for_spa	pod-0	eus	free	azure_eu-ES-AinhoaNeural	tts	10	2026-06-10	2026-06-19	0	0	10	0
fas_for_eng	pod-0	fas	free	fa-IR-FaridNeural	tts	57	2026-06-08	2026-06-19	0	0	57	0
fas_for_eng	pod-0	fas	free	azure_fa-IR-FaridNeural	tts	13	2026-06-08	2026-06-19	0	0	13	0
fas_for_eng	pod-0	fas	free	fa-IR-DilaraNeural	tts	63	2026-06-10	2026-06-19	0	0	63	0
fas_for_eng	pod-0	fas	free	azure_fa-IR-DilaraNeural	tts	9	2026-06-10	2026-06-19	0	0	9	0
fas_for_eng	pod-0-unrecorded	fas	free	azure_fa-IR-FaridNeural	tts	11	2026-06-08	2026-06-19	0	0	11	0
fas_for_eng	pod-0-unrecorded	fas	free	fa-IR-FaridNeural	tts	46	2026-06-08	2026-06-19	0	0	46	0
fas_for_eng	pod-0-unrecorded	fas	free	azure_fa-IR-DilaraNeural	tts	6	2026-06-10	2026-06-19	0	0	6	0
fas_for_eng	pod-0-unrecorded	fas	free	fa-IR-DilaraNeural	tts	46	2026-06-10	2026-06-19	0	0	46	0
fra_ca_for_eng	pod-0	fra	premium	fr-CA-JeanNeural	tts	34	2026-05-05	2026-06-10	0	0	34	0
fra_ca_for_eng	pod-0	fra	premium	azure_fr-CA-JeanNeural	tts	8	2026-06-08	2026-06-10	0	0	8	0
fra_ca_for_eng	pod-0	fra	premium	azure_fr-CA-ThierryNeural	tts	2	2026-06-08	2026-06-10	0	0	2	0
fra_ca_for_eng	pod-0	fra	premium	fr-CA-ThierryNeural	tts	13	2026-06-10	2026-06-10	0	0	13	0
fra_ca_for_eng	pod-0	fra	premium	fr-CA-AntoineNeural	tts	40	2026-06-10	2026-06-19	0	0	40	0
fra_ca_for_eng	pod-0	fra	premium	fr-CA-SylvieNeural	tts	18	2026-06-10	2026-07-16	0	0	18	0
fra_ca_for_eng	pod-0	fra	premium	azure_fr-CA-SylvieNeural	tts	2	2026-06-10	2026-07-16	0	0	2	0
fra_ca_for_eng	pod-0	fra	premium	azure_fr-CA-AntoineNeural	tts	2	2026-06-10	2026-06-10	0	0	2	0
fra_for_eng	pod-0	fra	premium	ara	tts	43	2026-06-07	2026-06-10	0	0	43	0
fra_for_eng	pod-0	fra	premium	hbxkrnwm	tts	8	2026-06-07	2026-06-10	0	0	8	0
fra_for_eng	pod-0	fra	premium	0p0rt7o1	tts	56	2026-06-07	2026-06-10	0	0	56	0
fra_for_eng	pod-0	fra	premium	xai_ara	tts	4	2026-06-10	2026-06-10	0	0	4	0
fra_for_eng	pod-0	fra	premium	eve	tts	14	2026-06-10	2026-06-10	0	0	14	0
fra_for_eng	pod-0	fra	premium	69smp8rm	tts	17	2026-06-10	2026-06-19	0	0	17	0
fra_for_eng	pod-0-unrecorded	fra	premium	0p0rt7o1	tts	49	2026-06-07	2026-06-10	0	0	49	0
fra_for_eng	pod-0-unrecorded	fra	premium	ara	tts	35	2026-06-07	2026-06-10	0	0	35	0
fra_for_eng	pod-0-unrecorded	fra	premium	hbxkrnwm	tts	7	2026-06-07	2026-06-10	0	0	7	0
fra_for_eng	pod-0-unrecorded	fra	premium	xai_ara	tts	3	2026-06-10	2026-06-10	0	0	3	0
fra_for_eng	pod-0-unrecorded	fra	premium	eve	tts	13	2026-06-10	2026-06-10	0	0	13	0
fra_for_eng	pod-0-unrecorded	fra	premium	69smp8rm	tts	13	2026-06-10	2026-06-19	0	0	13	0
fra_for_jpn	pod-0	fra	premium	0p0rt7o1	tts	56	2026-06-08	2026-06-10	0	0	56	0
fra_for_jpn	pod-0	fra	premium	ara	tts	45	2026-06-08	2026-06-10	0	0	45	0
fra_for_jpn	pod-0	fra	premium	hbxkrnwm	tts	8	2026-06-10	2026-06-10	0	0	8	0
fra_for_jpn	pod-0	fra	premium	eve	tts	12	2026-06-10	2026-06-19	0	0	12	0
fra_for_jpn	pod-0	fra	premium	xai_eve	tts	2	2026-06-10	2026-06-10	0	0	2	0
fra_for_jpn	pod-0	fra	premium	xai_ara	tts	2	2026-06-10	2026-06-10	0	0	2	0
fra_for_jpn	pod-0	fra	premium	69smp8rm	tts	17	2026-06-10	2026-06-19	0	0	17	0
gle_for_eng	pod-0	gle	free	ga-IE-OrlaNeural	tts	60	2026-02-18	2026-06-19	0	0	60	0
gle_for_eng	pod-0	gle	free	azure_ga-IE-OrlaNeural	tts	12	2026-05-05	2026-06-11	0	0	12	0
gle_for_eng	pod-0	gle	free	ga-IE-ColmNeural	tts	62	2026-05-06	2026-06-19	0	0	62	0
gle_for_eng	pod-0	gle	free	azure_ga-IE-ColmNeural	tts	8	2026-06-10	2026-06-11	0	0	8	0
gle_for_eng	pod-0-unrecorded	gle	free	ga-IE-OrlaNeural	tts	50	2026-02-18	2026-06-19	0	0	50	0
gle_for_eng	pod-0-unrecorded	gle	free	azure_ga-IE-OrlaNeural	tts	8	2026-05-05	2026-06-11	0	0	8	0
gle_for_eng	pod-0-unrecorded	gle	free	ga-IE-ColmNeural	tts	50	2026-05-06	2026-06-19	0	0	50	0
gle_for_eng	pod-0-unrecorded	gle	free	azure_ga-IE-ColmNeural	tts	6	2026-06-10	2026-06-10	0	0	6	0
heb_for_eng	pod-0	heb	free	he-IL-HilaNeural	tts	30	2026-05-05	2026-07-16	0	0	30	0
heb_for_eng	pod-0	heb	free	he-IL-AvriNeural	tts	102	2026-05-06	2026-07-16	0	0	102	0
heb_for_eng	pod-0	heb	free	azure_he-IL-AvriNeural	tts	10	2026-06-10	2026-07-16	0	0	10	0
heb_for_eng	pod-0-unrecorded	heb	free	he-IL-HilaNeural	tts	23	2026-05-05	2026-07-16	0	0	23	0
heb_for_eng	pod-0-unrecorded	heb	free	he-IL-AvriNeural	tts	73	2026-05-06	2026-07-16	0	0	73	0
heb_for_eng	pod-0-unrecorded	heb	free	azure_he-IL-AvriNeural	tts	9	2026-06-10	2026-07-16	0	0	9	0
hin_for_eng	pod-0	hin	free	eve	tts	12	2026-06-10	2026-06-10	0	0	12	0
hin_for_eng	pod-0	hin	free	89q2pnko	tts	56	2026-06-10	2026-06-10	0	0	56	0
hin_for_eng	pod-0	hin	free	rex	tts	8	2026-06-10	2026-06-10	0	0	8	0
hin_for_eng	pod-0	hin	free	73xd5dum	tts	17	2026-06-10	2026-06-19	0	0	17	0
hin_for_eng	pod-0	hin	free	xai_ara	tts	7	2026-06-10	2026-06-10	0	0	7	0
hin_for_eng	pod-0	hin	free	ara	tts	40	2026-06-10	2026-07-16	0	0	40	0
hin_for_eng	pod-0	hin	free	xai_eve	tts	2	2026-06-10	2026-06-10	0	0	2	0
hin_for_eng	pod-0-unrecorded	hin	free	ara	tts	25	2026-06-10	2026-06-10	0	0	25	0
hin_for_eng	pod-0-unrecorded	hin	free	eve	tts	8	2026-06-10	2026-06-10	0	0	8	0
hin_for_eng	pod-0-unrecorded	hin	free	rex	tts	7	2026-06-10	2026-06-10	0	0	7	0
hin_for_eng	pod-0-unrecorded	hin	free	89q2pnko	tts	43	2026-06-10	2026-06-10	0	0	43	0
hin_for_eng	pod-0-unrecorded	hin	free	xai_ara	tts	4	2026-06-10	2026-06-10	0	0	4	0
hin_for_eng	pod-0-unrecorded	hin	free	xai_eve	tts	1	2026-06-10	2026-06-10	0	0	1	0
hin_for_eng	pod-0-unrecorded	hin	free	73xd5dum	tts	11	2026-06-10	2026-06-19	0	0	11	0
hrv_for_eng	pod-0	hrv	free	hr-HR-SreckoNeural	tts	41	2026-05-06	2026-06-30	0	0	41	0
hrv_for_eng	pod-0	hrv	free	azure_hr-HR-SreckoNeural	tts	7	2026-06-10	2026-06-11	0	0	7	0
hrv_for_eng	pod-0	hrv	free	hr-HR-GabrijelaNeural	tts	21	2026-06-10	2026-07-16	0	0	21	0
hrv_for_eng	pod-0	hrv	free	azure_hr-HR-GabrijelaNeural	tts	4	2026-06-10	2026-07-16	0	0	4	0
hrv_for_eng	pod-0	hrv	free	JBFqnCBsd6RMkjVDRZzb	tts	8	2026-06-30	2026-06-30	0	0	8	0
hrv_for_eng	pod-0	hrv	free	EXAVITQu4vr4xnSDxMaL	tts	47	2026-06-30	2026-06-30	0	0	47	0
hrv_for_eng	pod-0	hrv	free	FGY2WhTYpPnrIDTdsKH5	tts	14	2026-06-30	2026-06-30	0	0	14	0
hrv_for_eng	pod-0-unrecorded	hrv	free	hr-HR-SreckoNeural	tts	35	2026-05-06	2026-06-30	0	0	35	0
hrv_for_eng	pod-0-unrecorded	hrv	free	azure_hr-HR-GabrijelaNeural	tts	1	2026-06-10	2026-06-10	0	0	1	0
hrv_for_eng	pod-0-unrecorded	hrv	free	hr-HR-GabrijelaNeural	tts	12	2026-06-10	2026-07-16	0	0	12	0
hrv_for_eng	pod-0-unrecorded	hrv	free	azure_hr-HR-SreckoNeural	tts	5	2026-06-10	2026-06-10	0	0	5	0
hrv_for_eng	pod-0-unrecorded	hrv	free	FGY2WhTYpPnrIDTdsKH5	tts	13	2026-06-30	2026-06-30	0	0	13	0
hrv_for_eng	pod-0-unrecorded	hrv	free	JBFqnCBsd6RMkjVDRZzb	tts	7	2026-06-30	2026-06-30	0	0	7	0
hrv_for_eng	pod-0-unrecorded	hrv	free	EXAVITQu4vr4xnSDxMaL	tts	40	2026-06-30	2026-06-30	0	0	40	0
hye_for_eng	pod-0	hye	free	hy-AM-HaykNeural	tts	62	2026-06-08	2026-06-19	0	0	62	0
hye_for_eng	pod-0	hye	free	azure_hy-AM-AnahitNeural	tts	6	2026-06-10	2026-06-19	0	0	6	0
hye_for_eng	pod-0	hye	free	azure_hy-AM-HaykNeural	tts	8	2026-06-10	2026-06-19	0	0	8	0
hye_for_eng	pod-0	hye	free	hy-AM-AnahitNeural	tts	66	2026-06-10	2026-06-19	0	0	66	0
hye_for_eng	pod-0-unrecorded	hye	free	hy-AM-HaykNeural	tts	44	2026-06-08	2026-06-19	0	0	44	0
hye_for_eng	pod-0-unrecorded	hye	free	azure_hy-AM-HaykNeural	tts	6	2026-06-10	2026-06-19	0	0	6	0
hye_for_eng	pod-0-unrecorded	hye	free	hy-AM-AnahitNeural	tts	53	2026-06-10	2026-06-19	0	0	53	0
hye_for_eng	pod-0-unrecorded	hye	free	azure_hy-AM-AnahitNeural	tts	2	2026-06-11	2026-06-11	0	0	2	0
isl_for_eng	pod-0	isl	free	is-IS-GunnarNeural	tts	71	2026-06-01	2026-07-16	0	0	71	0
isl_for_eng	pod-0	isl	free	is-IS-GudrunNeural	tts	59	2026-06-08	2026-07-16	0	0	59	0
isl_for_eng	pod-0	isl	free	azure_is-IS-GunnarNeural	tts	1	2026-06-10	2026-06-10	0	0	1	0
isl_for_eng	pod-0	isl	free	azure_is-IS-GudrunNeural	tts	11	2026-06-10	2026-06-19	0	0	11	0
isl_for_eng	pod-0-unrecorded	isl	free	is-IS-GunnarNeural	tts	53	2026-06-01	2026-07-16	0	0	53	0
isl_for_eng	pod-0-unrecorded	isl	free	azure_is-IS-GudrunNeural	tts	5	2026-06-10	2026-06-11	0	0	5	0
isl_for_eng	pod-0-unrecorded	isl	free	is-IS-GudrunNeural	tts	37	2026-06-10	2026-07-16	0	0	37	0
ita_for_eng	pod-0	ita	premium	bcs7l2c3	tts	25	2026-06-08	2026-06-10	0	0	25	0
ita_for_eng	pod-0	ita	premium	x7avnu1k	tts	50	2026-06-08	2026-06-27	0	0	50	0
ita_for_eng	pod-0	ita	premium	eve	tts	43	2026-06-08	2026-06-19	0	0	43	0
ita_for_eng	pod-0	ita	premium	ara	tts	16	2026-06-10	2026-07-23	0	0	16	0
ita_for_eng	pod-0	ita	premium	xai_eve	tts	4	2026-06-10	2026-06-10	0	0	4	0
ita_for_eng	pod-0	ita	premium	hqxr4yub	tts	3	2026-06-10	2026-06-10	0	0	3	0
ita_for_eng	pod-0	ita	premium	xai_ara	tts	1	2026-06-10	2026-06-10	0	0	1	0
ita_for_eng	pod-0-unrecorded	ita	premium	eve	tts	36	2026-06-08	2026-06-19	0	0	36	0
ita_for_eng	pod-0-unrecorded	ita	premium	bcs7l2c3	tts	24	2026-06-08	2026-06-10	0	0	24	0
ita_for_eng	pod-0-unrecorded	ita	premium	x7avnu1k	tts	45	2026-06-08	2026-06-27	0	0	45	0
ita_for_eng	pod-0-unrecorded	ita	premium	hqxr4yub	tts	3	2026-06-10	2026-06-10	0	0	3	0
ita_for_eng	pod-0-unrecorded	ita	premium	xai_eve	tts	3	2026-06-10	2026-06-10	0	0	3	0
ita_for_eng	pod-0-unrecorded	ita	premium	xai_ara	tts	1	2026-06-10	2026-06-10	0	0	1	0
ita_for_eng	pod-0-unrecorded	ita	premium	ara	tts	12	2026-06-10	2026-07-23	0	0	12	0
ita_for_jpn	pod-0	ita	premium	bcs7l2c3	tts	25	2026-06-08	2026-06-10	0	0	25	0
ita_for_jpn	pod-0	ita	premium	eve	tts	46	2026-06-08	2026-07-16	0	0	46	0
ita_for_jpn	pod-0	ita	premium	x7avnu1k	tts	48	2026-06-08	2026-06-19	0	0	48	0
ita_for_jpn	pod-0	ita	premium	hqxr4yub	tts	3	2026-06-10	2026-06-10	0	0	3	0
ita_for_jpn	pod-0	ita	premium	ara	tts	17	2026-06-10	2026-06-19	0	0	17	0
ita_for_jpn	pod-0	ita	premium	xai_eve	tts	3	2026-06-10	2026-06-10	0	0	3	0
jpn_for_eng	pod-0	jpn	premium	xai_ara	tts	3	2026-06-08	2026-06-10	0	0	3	0
jpn_for_eng	pod-0	jpn	premium	b1a7441b97a1	tts	56	2026-06-08	2026-06-10	0	0	56	0
jpn_for_eng	pod-0	jpn	premium	ara	tts	44	2026-06-08	2026-06-10	0	0	44	0
jpn_for_eng	pod-0	jpn	premium	rex	tts	7	2026-06-08	2026-06-10	0	0	7	0
jpn_for_eng	pod-0	jpn	premium	eve	tts	11	2026-06-10	2026-06-19	0	0	11	0
jpn_for_eng	pod-0	jpn	premium	d0cb9ff07d95	tts	17	2026-06-10	2026-06-19	0	0	17	0
jpn_for_eng	pod-0	jpn	premium	xai_eve	tts	3	2026-06-10	2026-06-10	0	0	3	0
jpn_for_eng	pod-0	jpn	premium	xai_rex	tts	1	2026-06-10	2026-06-10	0	0	1	0
jpn_for_eng	pod-0-unrecorded	jpn	premium	b1a7441b97a1	tts	48	2026-06-08	2026-06-10	0	0	48	0
jpn_for_eng	pod-0-unrecorded	jpn	premium	xai_ara	tts	3	2026-06-08	2026-06-10	0	0	3	0
jpn_for_eng	pod-0-unrecorded	jpn	premium	ara	tts	37	2026-06-08	2026-06-10	0	0	37	0
jpn_for_eng	pod-0-unrecorded	jpn	premium	rex	tts	7	2026-06-08	2026-06-10	0	0	7	0
jpn_for_eng	pod-0-unrecorded	jpn	premium	xai_rex	tts	1	2026-06-10	2026-06-10	0	0	1	0
jpn_for_eng	pod-0-unrecorded	jpn	premium	eve	tts	10	2026-06-10	2026-06-10	0	0	10	0
jpn_for_eng	pod-0-unrecorded	jpn	premium	xai_eve	tts	3	2026-06-10	2026-06-10	0	0	3	0
jpn_for_eng	pod-0-unrecorded	jpn	premium	d0cb9ff07d95	tts	16	2026-06-10	2026-06-19	0	0	16	0
kor_for_eng	pod-0	kor	premium	bf9fe5b5f981	tts	46	2026-06-08	2026-06-10	0	0	46	0
kor_for_eng	pod-0	kor	premium	23be42535a45	tts	47	2026-06-10	2026-06-10	0	0	47	0
kor_for_eng	pod-0	kor	premium	b5ae17439907	tts	10	2026-06-10	2026-06-10	0	0	10	0
kor_for_eng	pod-0	kor	premium	eve	tts	7	2026-06-10	2026-06-10	0	0	7	0
kor_for_eng	pod-0	kor	premium	a0401c9101f8	tts	17	2026-06-10	2026-06-10	0	0	17	0
kor_for_eng	pod-0	kor	premium	ara	tts	14	2026-06-10	2026-06-10	0	0	14	0
kor_for_eng	pod-0	kor	premium	xai_eve	tts	1	2026-06-10	2026-06-10	0	0	1	0
kor_for_eng	pod-0-unrecorded	kor	premium	bf9fe5b5f981	tts	41	2026-06-08	2026-06-10	0	0	41	0
kor_for_eng	pod-0-unrecorded	kor	premium	ara	tts	14	2026-06-10	2026-06-10	0	0	14	0
kor_for_eng	pod-0-unrecorded	kor	premium	b5ae17439907	tts	10	2026-06-10	2026-06-10	0	0	10	0
kor_for_eng	pod-0-unrecorded	kor	premium	a0401c9101f8	tts	16	2026-06-10	2026-06-10	0	0	16	0
kor_for_eng	pod-0-unrecorded	kor	premium	xai_eve	tts	1	2026-06-10	2026-06-10	0	0	1	0
kor_for_eng	pod-0-unrecorded	kor	premium	23be42535a45	tts	42	2026-06-10	2026-06-10	0	0	42	0
kor_for_eng	pod-0-unrecorded	kor	premium	eve	tts	6	2026-06-10	2026-06-10	0	0	6	0
lav_for_eng	pod-0	lav	free	lv-LV-EveritaNeural	tts	52	2026-05-05	2026-07-16	0	0	52	0
lav_for_eng	pod-0	lav	free	lv-LV-NilsNeural	tts	69	2026-05-06	2026-07-16	0	0	69	0
lav_for_eng	pod-0	lav	free	azure_lv-LV-EveritaNeural	tts	4	2026-06-10	2026-06-11	0	0	4	0
lav_for_eng	pod-0	lav	free	azure_lv-LV-NilsNeural	tts	17	2026-06-10	2026-07-16	0	0	17	0
lav_for_eng	pod-0-unrecorded	lav	free	lv-LV-EveritaNeural	tts	48	2026-05-05	2026-07-16	0	0	48	0
lav_for_eng	pod-0-unrecorded	lav	free	lv-LV-NilsNeural	tts	61	2026-05-06	2026-07-16	0	0	61	0
lav_for_eng	pod-0-unrecorded	lav	free	azure_lv-LV-NilsNeural	tts	17	2026-06-10	2026-07-16	0	0	17	0
lav_for_eng	pod-0-unrecorded	lav	free	azure_lv-LV-EveritaNeural	tts	4	2026-06-10	2026-06-11	0	0	4	0
lit_for_eng	pod-0	lit	free	azure_lt-LT-LeonasNeural	tts	9	2026-05-06	2026-07-16	0	0	9	0
lit_for_eng	pod-0	lit	free	lt-LT-LeonasNeural	tts	77	2026-06-08	2026-07-16	0	0	77	0
lit_for_eng	pod-0	lit	free	azure_lt-LT-OnaNeural	tts	5	2026-06-10	2026-07-16	0	0	5	0
lit_for_eng	pod-0	lit	free	lt-LT-OnaNeural	tts	51	2026-06-10	2026-07-16	0	0	51	0
lit_for_eng	pod-0-unrecorded	lit	free	lt-LT-LeonasNeural	tts	67	2026-06-08	2026-07-16	0	0	67	0
lit_for_eng	pod-0-unrecorded	lit	free	azure_lt-LT-OnaNeural	tts	5	2026-06-10	2026-07-16	0	0	5	0
lit_for_eng	pod-0-unrecorded	lit	free	azure_lt-LT-LeonasNeural	tts	8	2026-06-10	2026-07-16	0	0	8	0
lit_for_eng	pod-0-unrecorded	lit	free	lt-LT-OnaNeural	tts	42	2026-06-10	2026-07-16	0	0	42	0
nep_for_eng	pod-0	nep	free	ne-NP-HemkalaNeural	tts	65	2026-05-05	2026-06-19	0	0	65	0
nep_for_eng	pod-0	nep	free	ne-NP-SagarNeural	tts	63	2026-05-06	2026-06-19	0	0	63	0
nep_for_eng	pod-0	nep	free	azure_ne-NP-SagarNeural	tts	7	2026-06-10	2026-06-11	0	0	7	0
nep_for_eng	pod-0	nep	free	azure_ne-NP-HemkalaNeural	tts	7	2026-06-10	2026-06-11	0	0	7	0
nep_for_eng	pod-0-unrecorded	nep	free	ne-NP-HemkalaNeural	tts	62	2026-05-05	2026-06-19	0	0	62	0
nep_for_eng	pod-0-unrecorded	nep	free	ne-NP-SagarNeural	tts	58	2026-05-06	2026-06-19	0	0	58	0
nep_for_eng	pod-0-unrecorded	nep	free	azure_ne-NP-HemkalaNeural	tts	6	2026-06-10	2026-06-11	0	0	6	0
nep_for_eng	pod-0-unrecorded	nep	free	azure_ne-NP-SagarNeural	tts	5	2026-06-10	2026-06-10	0	0	5	0
nld_for_eng	pod-0	nld	free	a13662ba951c	tts	46	2026-06-08	2026-06-10	0	0	46	0
nld_for_eng	pod-0	nld	free	244e27b39200	tts	10	2026-06-08	2026-06-10	0	0	10	0
nld_for_eng	pod-0	nld	free	247783ebdd51	tts	47	2026-06-08	2026-06-19	0	0	47	0
nld_for_eng	pod-0	nld	free	eve	tts	7	2026-06-10	2026-06-10	0	0	7	0
nld_for_eng	pod-0	nld	free	xai_eve	tts	1	2026-06-10	2026-06-10	0	0	1	0
nld_for_eng	pod-0	nld	free	xai_ara	tts	1	2026-06-10	2026-06-10	0	0	1	0
nld_for_eng	pod-0	nld	free	58d27475085e	tts	17	2026-06-10	2026-06-10	0	0	17	0
nld_for_eng	pod-0	nld	free	ara	tts	13	2026-06-10	2026-06-10	0	0	13	0
nld_for_eng	pod-0-unrecorded	nld	free	247783ebdd51	tts	41	2026-06-08	2026-06-19	0	0	41	0
nld_for_eng	pod-0-unrecorded	nld	free	244e27b39200	tts	7	2026-06-08	2026-06-10	0	0	7	0
nld_for_eng	pod-0-unrecorded	nld	free	a13662ba951c	tts	39	2026-06-08	2026-06-10	0	0	39	0
nld_for_eng	pod-0-unrecorded	nld	free	xai_eve	tts	1	2026-06-10	2026-06-10	0	0	1	0
nld_for_eng	pod-0-unrecorded	nld	free	xai_ara	tts	1	2026-06-10	2026-06-10	0	0	1	0
nld_for_eng	pod-0-unrecorded	nld	free	58d27475085e	tts	12	2026-06-10	2026-06-10	0	0	12	0
nld_for_eng	pod-0-unrecorded	nld	free	ara	tts	11	2026-06-10	2026-06-10	0	0	11	0
nld_for_eng	pod-0-unrecorded	nld	free	eve	tts	4	2026-06-10	2026-06-10	0	0	4	0
nor_for_eng	pod-0	nor	free	nb-NO-IselinNeural	tts	52	2026-03-24	2026-06-19	0	0	52	0
nor_for_eng	pod-0	nor	free	nb-NO-FinnNeural	tts	47	2026-06-08	2026-06-19	0	0	47	0
nor_for_eng	pod-0	nor	free	nb-NO-PernilleNeural	tts	28	2026-06-08	2026-06-11	0	0	28	0
nor_for_eng	pod-0	nor	free	azure_nb-NO-FinnNeural	tts	3	2026-06-08	2026-06-10	0	0	3	0
nor_for_eng	pod-0	nor	free	azure_nb-NO-IselinNeural	tts	10	2026-06-10	2026-06-19	0	0	10	0
nor_for_eng	pod-0	nor	free	azure_nb-NO-PernilleNeural	tts	2	2026-06-10	2026-06-11	0	0	2	0
nor_for_eng	pod-0-unrecorded	nor	free	nb-NO-IselinNeural	tts	41	2026-03-24	2026-06-19	0	0	41	0
nor_for_eng	pod-0-unrecorded	nor	free	nb-NO-FinnNeural	tts	43	2026-06-08	2026-06-19	0	0	43	0
nor_for_eng	pod-0-unrecorded	nor	free	nb-NO-PernilleNeural	tts	22	2026-06-08	2026-06-11	0	0	22	0
nor_for_eng	pod-0-unrecorded	nor	free	azure_nb-NO-FinnNeural	tts	2	2026-06-08	2026-06-10	0	0	2	0
nor_for_eng	pod-0-unrecorded	nor	free	azure_nb-NO-PernilleNeural	tts	2	2026-06-10	2026-06-11	0	0	2	0
nor_for_eng	pod-0-unrecorded	nor	free	azure_nb-NO-IselinNeural	tts	8	2026-06-10	2026-06-19	0	0	8	0
pol_for_eng	pod-0	pol	free	37329fd8895a	tts	46	2026-06-08	2026-06-19	0	0	46	0
pol_for_eng	pod-0	pol	free	1b12d5daee6b	tts	47	2026-06-08	2026-06-10	0	0	47	0
pol_for_eng	pod-0	pol	free	eve	tts	8	2026-06-10	2026-06-10	0	0	8	0
pol_for_eng	pod-0	pol	free	ara	tts	14	2026-06-10	2026-06-19	0	0	14	0
pol_for_eng	pod-0	pol	free	97fabd54445f	tts	17	2026-06-10	2026-06-19	0	0	17	0
pol_for_eng	pod-0	pol	free	2badb5f46b1e	tts	10	2026-06-10	2026-06-10	0	0	10	0
pol_for_eng	pod-0-unrecorded	pol	free	37329fd8895a	tts	36	2026-06-08	2026-06-19	0	0	36	0
pol_for_eng	pod-0-unrecorded	pol	free	1b12d5daee6b	tts	37	2026-06-08	2026-06-10	0	0	37	0
pol_for_eng	pod-0-unrecorded	pol	free	97fabd54445f	tts	13	2026-06-10	2026-06-10	0	0	13	0
pol_for_eng	pod-0-unrecorded	pol	free	2badb5f46b1e	tts	5	2026-06-10	2026-06-10	0	0	5	0
pol_for_eng	pod-0-unrecorded	pol	free	ara	tts	10	2026-06-10	2026-06-10	0	0	10	0
pol_for_eng	pod-0-unrecorded	pol	free	eve	tts	7	2026-06-10	2026-06-10	0	0	7	0
por_br_for_eng	pod-0	por	premium	3d030bc92a87	tts	8	2026-06-08	2026-06-10	0	0	8	0
por_br_for_eng	pod-0	por	premium	abfbdf26f115	tts	56	2026-06-08	2026-06-10	0	0	56	0
por_br_for_eng	pod-0	por	premium	ara	tts	45	2026-06-08	2026-06-10	0	0	45	0
por_br_for_eng	pod-0	por	premium	6da5baee46d0	tts	17	2026-06-10	2026-06-10	0	0	17	0
por_br_for_eng	pod-0	por	premium	xai_eve	tts	1	2026-06-10	2026-06-10	0	0	1	0
por_br_for_eng	pod-0	por	premium	eve	tts	13	2026-06-10	2026-06-19	0	0	13	0
por_br_for_eng	pod-0	por	premium	xai_ara	tts	2	2026-06-10	2026-06-10	0	0	2	0
por_br_for_eng	pod-0-unrecorded	por	premium	abfbdf26f115	tts	43	2026-06-08	2026-06-10	0	0	43	0
por_br_for_eng	pod-0-unrecorded	por	premium	3d030bc92a87	tts	8	2026-06-08	2026-06-10	0	0	8	0
por_br_for_eng	pod-0-unrecorded	por	premium	ara	tts	36	2026-06-08	2026-06-10	0	0	36	0
por_br_for_eng	pod-0-unrecorded	por	premium	6da5baee46d0	tts	15	2026-06-10	2026-06-10	0	0	15	0
por_br_for_eng	pod-0-unrecorded	por	premium	eve	tts	13	2026-06-10	2026-06-19	0	0	13	0
por_br_for_eng	pod-0-unrecorded	por	premium	xai_ara	tts	2	2026-06-10	2026-06-10	0	0	2	0
por_br_for_eng	pod-0-unrecorded	por	premium	xai_eve	tts	1	2026-06-10	2026-06-10	0	0	1	0
por_for_eng	pod-0	por	premium	eve	tts	42	2026-06-08	2026-06-19	0	0	42	0
por_for_eng	pod-0	por	premium	xai_eve	tts	5	2026-06-08	2026-06-10	0	0	5	0
por_for_eng	pod-0	por	premium	rex	tts	49	2026-06-08	2026-06-19	0	0	49	0
por_for_eng	pod-0	por	premium	sal	tts	22	2026-06-08	2026-06-19	0	0	22	0
por_for_eng	pod-0	por	premium	xai_rex	tts	1	2026-06-08	2026-06-08	0	0	1	0
por_for_eng	pod-0	por	premium	xai_ara	tts	2	2026-06-10	2026-06-10	0	0	2	0
por_for_eng	pod-0	por	premium	ara	tts	18	2026-06-10	2026-06-19	0	0	18	0
por_for_eng	pod-0	por	premium	xai_sal	tts	3	2026-06-10	2026-06-10	0	0	3	0
por_for_eng	pod-0-unrecorded	por	premium	xai_rex	tts	1	2026-06-08	2026-06-08	0	0	1	0
por_for_eng	pod-0-unrecorded	por	premium	rex	tts	45	2026-06-08	2026-06-19	0	0	45	0
por_for_eng	pod-0-unrecorded	por	premium	xai_eve	tts	5	2026-06-08	2026-06-10	0	0	5	0
por_for_eng	pod-0-unrecorded	por	premium	eve	tts	36	2026-06-08	2026-06-10	0	0	36	0
por_for_eng	pod-0-unrecorded	por	premium	sal	tts	20	2026-06-08	2026-06-19	0	0	20	0
por_for_eng	pod-0-unrecorded	por	premium	ara	tts	13	2026-06-10	2026-06-19	0	0	13	0
por_for_eng	pod-0-unrecorded	por	premium	xai_sal	tts	2	2026-06-10	2026-06-10	0	0	2	0
por_for_eng	pod-0-unrecorded	por	premium	xai_ara	tts	1	2026-06-10	2026-06-10	0	0	1	0
ron_for_eng	pod-0	ron	free	ro-RO-AlinaNeural	tts	64	2026-05-05	2026-07-16	0	0	64	0
ron_for_eng	pod-0	ron	free	azure_ro-RO-EmilNeural	tts	9	2026-06-08	2026-06-11	0	0	9	0
ron_for_eng	pod-0	ron	free	ro-RO-EmilNeural	tts	63	2026-06-08	2026-07-16	0	0	63	0
ron_for_eng	pod-0	ron	free	azure_ro-RO-AlinaNeural	tts	6	2026-06-10	2026-06-11	0	0	6	0
ron_for_eng	pod-0-unrecorded	ron	free	ro-RO-AlinaNeural	tts	56	2026-05-05	2026-07-16	0	0	56	0
ron_for_eng	pod-0-unrecorded	ron	free	ro-RO-EmilNeural	tts	59	2026-06-08	2026-07-16	0	0	59	0
ron_for_eng	pod-0-unrecorded	ron	free	azure_ro-RO-EmilNeural	tts	8	2026-06-08	2026-06-11	0	0	8	0
ron_for_eng	pod-0-unrecorded	ron	free	azure_ro-RO-AlinaNeural	tts	5	2026-06-10	2026-06-11	0	0	5	0
spa_for_eng	pod-0	spa	premium	eve	tts	45	2026-06-08	2026-06-10	0	0	45	0
spa_for_eng	pod-0	spa	premium	yis75yfp	tts	50	2026-06-08	2026-06-19	0	0	50	0
spa_for_eng	pod-0	spa	premium	xai_ara	tts	1	2026-06-10	2026-06-10	0	0	1	0
spa_for_eng	pod-0	spa	premium	xai_eve	tts	2	2026-06-10	2026-06-10	0	0	2	0
spa_for_eng	pod-0	spa	premium	ekhwx401	tts	25	2026-06-10	2026-06-19	0	0	25	0
spa_for_eng	pod-0	spa	premium	ara	tts	16	2026-06-10	2026-06-10	0	0	16	0
spa_for_eng	pod-0	spa	premium	jupvcf34	tts	3	2026-06-10	2026-06-10	0	0	3	0
spa_for_eng	pod-0-unrecorded	spa	premium	eve	tts	33	2026-06-08	2026-06-10	0	0	33	0
spa_for_eng	pod-0-unrecorded	spa	premium	jupvcf34	tts	2	2026-06-10	2026-06-10	0	0	2	0
spa_for_eng	pod-0-unrecorded	spa	premium	ara	tts	11	2026-06-10	2026-06-10	0	0	11	0
spa_for_eng	pod-0-unrecorded	spa	premium	xai_eve	tts	1	2026-06-10	2026-06-10	0	0	1	0
spa_for_eng	pod-0-unrecorded	spa	premium	yis75yfp	tts	39	2026-06-10	2026-06-19	0	0	39	0
spa_for_eng	pod-0-unrecorded	spa	premium	ekhwx401	tts	17	2026-06-10	2026-06-19	0	0	17	0
spa_for_eng	pod-0-unrecorded	spa	premium	xai_f2f41225	tts	10	2026-08-08	2026-08-08	0	0	10	0
spa_for_eng	pod-0-unrecorded	spa	premium	xai_d2313a0d	tts	6	2026-08-08	2026-08-08	0	0	6	0
spa_for_jpn	pod-0	spa	premium	yis75yfp	tts	50	2026-06-08	2026-06-19	0	0	50	0
spa_for_jpn	pod-0	spa	premium	xai_eve	tts	3	2026-06-08	2026-06-10	0	0	3	0
spa_for_jpn	pod-0	spa	premium	eve	tts	44	2026-06-08	2026-06-10	0	0	44	0
spa_for_jpn	pod-0	spa	premium	xai_ara	tts	5	2026-06-10	2026-06-19	0	0	5	0
spa_for_jpn	pod-0	spa	premium	ara	tts	12	2026-06-10	2026-06-10	0	0	12	0
spa_for_jpn	pod-0	spa	premium	jupvcf34	tts	3	2026-06-10	2026-06-10	0	0	3	0
spa_for_jpn	pod-0	spa	premium	ekhwx401	tts	25	2026-06-10	2026-06-19	0	0	25	0
spa_mx_for_eng	pod-0	spa	premium	rex	tts	45	2026-06-08	2026-06-19	0	0	45	0
spa_mx_for_eng	pod-0	spa	premium	eve	tts	44	2026-06-08	2026-06-10	0	0	44	0
spa_mx_for_eng	pod-0	spa	premium	xai_sal	tts	3	2026-06-10	2026-06-19	0	0	3	0
spa_mx_for_eng	pod-0	spa	premium	ara	tts	15	2026-06-10	2026-06-10	0	0	15	0
spa_mx_for_eng	pod-0	spa	premium	xai_ara	tts	5	2026-06-10	2026-06-10	0	0	5	0
spa_mx_for_eng	pod-0	spa	premium	xai_eve	tts	3	2026-06-10	2026-06-10	0	0	3	0
spa_mx_for_eng	pod-0	spa	premium	xai_rex	tts	5	2026-06-10	2026-06-19	0	0	5	0
spa_mx_for_eng	pod-0	spa	premium	sal	tts	22	2026-06-10	2026-06-10	0	0	22	0
spa_mx_for_eng	pod-0-unrecorded	spa	premium	rex	tts	38	2026-06-08	2026-06-19	0	0	38	0
spa_mx_for_eng	pod-0-unrecorded	spa	premium	eve	tts	34	2026-06-08	2026-06-10	0	0	34	0
spa_mx_for_eng	pod-0-unrecorded	spa	premium	sal	tts	19	2026-06-10	2026-06-10	0	0	19	0
spa_mx_for_eng	pod-0-unrecorded	spa	premium	ara	tts	9	2026-06-10	2026-06-10	0	0	9	0
spa_mx_for_eng	pod-0-unrecorded	spa	premium	xai_eve	tts	2	2026-06-10	2026-06-10	0	0	2	0
spa_mx_for_eng	pod-0-unrecorded	spa	premium	xai_ara	tts	5	2026-06-10	2026-06-10	0	0	5	0
spa_mx_for_eng	pod-0-unrecorded	spa	premium	xai_rex	tts	5	2026-06-10	2026-06-19	0	0	5	0
spa_mx_for_eng	pod-0-unrecorded	spa	premium	xai_sal	tts	2	2026-06-10	2026-06-10	0	0	2	0
swa_for_eng	pod-0	swa	free	sw-KE-ZuriNeural	tts	68	2026-05-05	2026-06-19	0	0	68	0
swa_for_eng	pod-0	swa	free	sw-KE-RafikiNeural	tts	64	2026-05-06	2026-06-19	0	0	64	0
swa_for_eng	pod-0	swa	free	azure_sw-KE-RafikiNeural	tts	6	2026-06-10	2026-06-19	0	0	6	0
swa_for_eng	pod-0	swa	free	azure_sw-KE-ZuriNeural	tts	4	2026-06-10	2026-06-11	0	0	4	0
swa_for_eng	pod-0-unrecorded	swa	free	sw-KE-ZuriNeural	tts	59	2026-05-05	2026-06-19	0	0	59	0
swa_for_eng	pod-0-unrecorded	swa	free	sw-KE-RafikiNeural	tts	52	2026-05-06	2026-06-19	0	0	52	0
swa_for_eng	pod-0-unrecorded	swa	free	azure_sw-KE-RafikiNeural	tts	4	2026-06-10	2026-06-11	0	0	4	0
swa_for_eng	pod-0-unrecorded	swa	free	azure_sw-KE-ZuriNeural	tts	3	2026-06-10	2026-06-11	0	0	3	0
swe_for_eng	pod-0	swe	free	xai_ara	tts	5	2026-06-08	2026-06-10	0	0	5	0
swe_for_eng	pod-0	swe	free	ara	tts	42	2026-06-08	2026-06-19	0	0	42	0
swe_for_eng	pod-0	swe	free	1f046a033914	tts	8	2026-06-08	2026-06-10	0	0	8	0
swe_for_eng	pod-0	swe	free	e22152e06fd8	tts	56	2026-06-08	2026-06-19	0	0	56	0
swe_for_eng	pod-0	swe	free	eve	tts	13	2026-06-10	2026-06-19	0	0	13	0
swe_for_eng	pod-0	swe	free	490ea3be50b1	tts	17	2026-06-10	2026-06-19	0	0	17	0
swe_for_eng	pod-0	swe	free	xai_eve	tts	1	2026-06-10	2026-06-10	0	0	1	0
swe_for_eng	pod-0-unrecorded	swe	free	ara	tts	31	2026-06-08	2026-06-19	0	0	31	0
swe_for_eng	pod-0-unrecorded	swe	free	e22152e06fd8	tts	48	2026-06-08	2026-06-19	0	0	48	0
swe_for_eng	pod-0-unrecorded	swe	free	1f046a033914	tts	8	2026-06-08	2026-06-10	0	0	8	0
swe_for_eng	pod-0-unrecorded	swe	free	xai_ara	tts	5	2026-06-08	2026-06-10	0	0	5	0
swe_for_eng	pod-0-unrecorded	swe	free	xai_eve	tts	1	2026-06-10	2026-06-10	0	0	1	0
swe_for_eng	pod-0-unrecorded	swe	free	490ea3be50b1	tts	12	2026-06-10	2026-06-19	0	0	12	0
swe_for_eng	pod-0-unrecorded	swe	free	eve	tts	11	2026-06-10	2026-06-19	0	0	11	0
tha_for_eng	pod-0	tha	free	908c4626660f	tts	39	2026-06-08	2026-07-16	0	0	39	0
tha_for_eng	pod-0	tha	free	eve	tts	18	2026-06-10	2026-07-16	0	0	18	0
tha_for_eng	pod-0	tha	free	rex	tts	17	2026-06-10	2026-07-16	0	0	17	0
tha_for_eng	pod-0	tha	free	xai_ara	tts	6	2026-06-10	2026-07-16	0	0	6	0
tha_for_eng	pod-0	tha	free	4ff93971bfdc	tts	28	2026-06-10	2026-07-16	0	0	28	0
tha_for_eng	pod-0	tha	free	xai_rex	tts	2	2026-06-10	2026-07-16	0	0	2	0
tha_for_eng	pod-0	tha	free	ara	tts	32	2026-06-10	2026-07-16	0	0	32	0
tha_for_eng	pod-0-unrecorded	tha	free	908c4626660f	tts	33	2026-06-08	2026-07-16	0	0	33	0
tha_for_eng	pod-0-unrecorded	tha	free	xai_ara	tts	6	2026-06-10	2026-07-16	0	0	6	0
tha_for_eng	pod-0-unrecorded	tha	free	rex	tts	16	2026-06-10	2026-07-16	0	0	16	0
tha_for_eng	pod-0-unrecorded	tha	free	xai_rex	tts	1	2026-06-10	2026-06-10	0	0	1	0
tha_for_eng	pod-0-unrecorded	tha	free	eve	tts	17	2026-06-10	2026-07-16	0	0	17	0
tha_for_eng	pod-0-unrecorded	tha	free	ara	tts	27	2026-06-10	2026-07-16	0	0	27	0
tha_for_eng	pod-0-unrecorded	tha	free	4ff93971bfdc	tts	25	2026-06-10	2026-07-16	0	0	25	0
tur_for_eng	pod-0	tur	free	670a0c3ac005	tts	56	2026-06-08	2026-06-19	0	0	56	0
tur_for_eng	pod-0	tur	free	182a91893636	tts	8	2026-06-10	2026-06-10	0	0	8	0
tur_for_eng	pod-0	tur	free	xai_ara	tts	9	2026-06-10	2026-06-19	0	0	9	0
tur_for_eng	pod-0	tur	free	ara	tts	38	2026-06-10	2026-06-19	0	0	38	0
tur_for_eng	pod-0	tur	free	xai_eve	tts	1	2026-06-10	2026-06-10	0	0	1	0
tur_for_eng	pod-0	tur	free	eve	tts	13	2026-06-10	2026-06-19	0	0	13	0
tur_for_eng	pod-0	tur	free	d634b6da3d3b	tts	17	2026-06-10	2026-06-19	0	0	17	0
tur_for_eng	pod-0-unrecorded	tur	free	670a0c3ac005	tts	45	2026-06-08	2026-06-19	0	0	45	0
tur_for_eng	pod-0-unrecorded	tur	free	eve	tts	11	2026-06-10	2026-06-19	0	0	11	0
tur_for_eng	pod-0-unrecorded	tur	free	xai_ara	tts	8	2026-06-10	2026-06-10	0	0	8	0
tur_for_eng	pod-0-unrecorded	tur	free	d634b6da3d3b	tts	11	2026-06-10	2026-06-19	0	0	11	0
tur_for_eng	pod-0-unrecorded	tur	free	182a91893636	tts	7	2026-06-10	2026-06-10	0	0	7	0
tur_for_eng	pod-0-unrecorded	tur	free	xai_eve	tts	1	2026-06-10	2026-06-10	0	0	1	0
tur_for_eng	pod-0-unrecorded	tur	free	ara	tts	30	2026-06-10	2026-06-19	0	0	30	0
ukr_for_eng	pod-0	ukr	free	uk-UA-PolinaNeural	tts	68	2026-05-05	2026-07-16	0	0	68	0
ukr_for_eng	pod-0	ukr	free	azure_uk-UA-OstapNeural	tts	12	2026-05-06	2026-07-16	0	0	12	0
ukr_for_eng	pod-0	ukr	free	uk-UA-OstapNeural	tts	60	2026-05-06	2026-07-16	0	0	60	0
ukr_for_eng	pod-0	ukr	free	azure_uk-UA-PolinaNeural	tts	2	2026-06-11	2026-06-11	0	0	2	0
ukr_for_eng	pod-0-unrecorded	ukr	free	uk-UA-PolinaNeural	tts	58	2026-05-05	2026-07-16	0	0	58	0
ukr_for_eng	pod-0-unrecorded	ukr	free	azure_uk-UA-OstapNeural	tts	12	2026-05-06	2026-07-16	0	0	12	0
ukr_for_eng	pod-0-unrecorded	ukr	free	uk-UA-OstapNeural	tts	51	2026-06-10	2026-07-16	0	0	51	0
ukr_for_eng	pod-0-unrecorded	ukr	free	azure_uk-UA-PolinaNeural	tts	1	2026-06-11	2026-06-11	0	0	1	0
zho_for_eng	pod-0	zho	premium	d18jlf6v	tts	8	2026-06-08	2026-06-10	0	0	8	0
zho_for_eng	pod-0	zho	premium	jpi39icg	tts	56	2026-06-08	2026-06-10	0	0	56	0
zho_for_eng	pod-0	zho	premium	eve	tts	14	2026-06-10	2026-06-19	0	0	14	0
zho_for_eng	pod-0	zho	premium	33g9t0jl	tts	17	2026-06-10	2026-06-10	0	0	17	0
zho_for_eng	pod-0	zho	premium	ara	tts	43	2026-06-10	2026-06-19	0	0	43	0
zho_for_eng	pod-0	zho	premium	xai_ara	tts	4	2026-06-10	2026-06-10	0	0	4	0
zho_for_eng	pod-0-unrecorded	zho	premium	d18jlf6v	tts	8	2026-06-08	2026-06-10	0	0	8	0
zho_for_eng	pod-0-unrecorded	zho	premium	jpi39icg	tts	51	2026-06-08	2026-06-10	0	0	51	0
zho_for_eng	pod-0-unrecorded	zho	premium	eve	tts	12	2026-06-10	2026-06-10	0	0	12	0
zho_for_eng	pod-0-unrecorded	zho	premium	ara	tts	39	2026-06-10	2026-06-10	0	0	39	0
zho_for_eng	pod-0-unrecorded	zho	premium	33g9t0jl	tts	16	2026-06-10	2026-06-10	0	0	16	0
zho_for_eng	pod-0-unrecorded	zho	premium	xai_ara	tts	4	2026-06-10	2026-06-10	0	0	4	0
zho_for_jpn	pod-0	zho	premium	d18jlf6v	tts	8	2026-06-08	2026-06-10	0	0	8	0
zho_for_jpn	pod-0	zho	premium	xai_ara	tts	4	2026-06-10	2026-06-10	0	0	4	0
zho_for_jpn	pod-0	zho	premium	jpi39icg	tts	56	2026-06-10	2026-06-19	0	0	56	0
zho_for_jpn	pod-0	zho	premium	eve	tts	12	2026-06-10	2026-06-19	0	0	12	0
zho_for_jpn	pod-0	zho	premium	ara	tts	43	2026-06-10	2026-06-19	0	0	43	0
zho_for_jpn	pod-0	zho	premium	33g9t0jl	tts	17	2026-06-10	2026-06-10	0	0	17	0
zho_for_jpn	pod-0	zho	premium	xai_eve	tts	2	2026-06-10	2026-06-10	0	0	2	0
(489 rows)
