audio_id,course_code,previous_revision,revision,previous_s3_key,created_at
0296ca64-10c2-485f-92b6-1ef153c87011,eus_for_eng,1,2,mastered/F50C5C1C-6B8C-40B2-AAB4-79310DADB215.mp3,2026-08-18 17:30:33.85472+00
034bd9d5-0480-4b16-a3bd-9a7e4fcc3bc2,eus_for_eng,1,2,mastered/317D7BA1-3CF1-45D1-AE5E-341407D7FD4C.mp3,2026-08-18 17:30:33.85472+00
0382001f-2566-4553-a634-27537a8a32d8,eus_for_eng,1,2,mastered/D36CDCD1-7944-4B39-B860-0112D987E097.mp3,2026-08-18 17:30:33.85472+00
063338d5-6507-43f0-9351-7676fd632fc9,eus_for_eng,1,2,mastered/6D54E534-0BFD-40AA-89E7-4CE46982ED5E.mp3,2026-08-18 17:30:33.85472+00
07bf4add-8e14-4feb-8802-b3e85394c478,eus_for_eng,1,2,mastered/A86546EF-EF65-4C12-9AB8-12E8F04FB1E7.mp3,2026-08-18 17:30:33.85472+00
081a0146-7709-47a2-8db2-925dfb026ba2,eus_for_eng,1,2,mastered/76EEF7F3-C1FD-4D0E-9F04-6EC2D8F1FB4F.mp3,2026-08-18 17:30:33.85472+00
0888cd20-3e3e-4fa6-9afc-9c3354a197a6,eus_for_eng,1,2,mastered/3B66DBCD-FE82-43C3-A3CB-C5CF361338A7.mp3,2026-08-18 17:30:33.85472+00
0957924d-5128-4e79-89f8-395e02f859de,eus_for_eng,1,2,mastered/68664399-3037-4DDD-9573-293332750A95.mp3,2026-08-18 17:30:33.85472+00
099a7918-04f8-4b5c-b440-62c878971017,eus_for_eng,1,2,mastered/F52BACAF-4422-401B-A841-0023535B6F93.mp3,2026-08-18 17:30:33.85472+00
09a792db-c90f-40c4-9661-dc1f973de63f,eus_for_eng,1,2,mastered/96F12B0A-C0EF-44CA-AE40-28AF32BB622C.mp3,2026-08-18 17:30:33.85472+00
09bf40af-41db-416b-9404-a2eb9a84a0c3,eus_for_eng,1,2,mastered/4FB26A93-6E69-493A-BCFD-ADF693107D7A.mp3,2026-08-18 17:30:33.85472+00
0a4a4721-d8fc-4079-a4dc-5d1a98e53d93,eus_for_eng,1,2,mastered/DDDC0A21-2EFE-4BC1-A023-1C6A2D374743.mp3,2026-08-18 17:30:33.85472+00
0ac5c326-47e6-41bf-8cfa-64f49811ec5c,eus_for_eng,1,2,mastered/3D216080-71B6-4976-8E5A-7437A2D53FFE.mp3,2026-08-18 17:30:33.85472+00
0b6fe93e-233c-49b9-9ed1-d19db634111c,eus_for_eng,1,2,mastered/5B1C78D2-209F-495E-B830-1B799673648E.mp3,2026-08-18 17:30:33.85472+00
0c672587-4cf7-4f28-a767-a1e603aeb103,eus_for_eng,1,2,mastered/2399CD76-58C7-458D-BC58-5D8C9ABF75FD.mp3,2026-08-18 17:30:33.85472+00
0e359d00-2ffd-44b4-b57f-efcedca5c6f9,eus_for_eng,1,2,mastered/21902069-9C02-44CF-A674-D5C101CFA4C6.mp3,2026-08-18 17:30:33.85472+00
0e62c76d-33a8-40a7-b2e1-b00539e3180a,eus_for_eng,1,2,mastered/535E84E9-7E5A-4D03-9BE6-15A10F2B287F.mp3,2026-08-18 17:30:33.85472+00
0f31c0f9-292f-47cd-a0d5-8d38bfa70942,eus_for_eng,1,2,mastered/8FBD839F-A1B9-4F1E-B484-FB080EC5DF25.mp3,2026-08-18 17:30:33.85472+00
0f7dff78-0d16-49c2-877d-8543db7ee0fc,eus_for_eng,1,2,mastered/B366937A-D337-4774-84A1-553B82F7452B.mp3,2026-08-18 17:30:33.85472+00
0fcf784c-1da0-44d3-8795-bb95e59a0b1d,eus_for_eng,1,2,mastered/3684B2E7-62C4-41A8-8FCE-F605D6D59B12.mp3,2026-08-18 17:30:33.85472+00
1058db3d-fd69-4f77-b9c1-a424506b6472,eus_for_eng,1,2,mastered/EFC28321-45CB-49BC-8227-9125B682E380.mp3,2026-08-18 17:30:33.85472+00
123fdf3d-1849-442f-bfff-dd35665ec4c7,eus_for_eng,1,2,mastered/E1209C7A-253D-4EA1-9AD6-C0DF1E555FF4.mp3,2026-08-18 17:30:33.85472+00
1267e0bf-32a8-4f4e-bb09-42ab65476f07,eus_for_eng,1,2,mastered/81384A93-493B-4A95-96E3-BF59E6212DC8.mp3,2026-08-18 17:30:33.85472+00
130737a3-ec74-4446-ac10-565d72513d98,eus_for_eng,1,2,mastered/3211B77F-7DEC-49FB-A13E-4CD0488A54AE.mp3,2026-08-18 17:30:33.85472+00
13d40cc0-1e65-4420-b44a-bb24b5b25d1c,eus_for_eng,1,2,mastered/33613DB3-2E21-4F44-862C-1A589B9F178B.mp3,2026-08-18 17:30:33.85472+00
13ea1c71-40b5-4ac1-92e1-6c13db2a84a0,eus_for_eng,1,2,mastered/5A194DB5-F7C6-47B1-8DB7-04666DBEA73A.mp3,2026-08-18 17:30:33.85472+00
147c0c4a-9c9e-458b-817b-06c2b5d36f8e,eus_for_eng,1,2,mastered/992B0FF5-848F-4FFA-80C7-2ABB1CF28684.mp3,2026-08-18 17:30:33.85472+00
1522c77d-955c-41df-8b8a-8a47b5cc27d3,eus_for_eng,1,2,mastered/7B1317E2-A5E7-44D2-B344-462739841C97.mp3,2026-08-18 17:30:33.85472+00
15fce18c-a7a3-4c96-af3d-9f25c68e8c0e,eus_for_eng,1,2,mastered/6903782D-27F8-49D1-9836-563D2C7D6BB4.mp3,2026-08-18 17:30:33.85472+00
168ba772-6725-4874-a56d-591113f6261b,eus_for_eng,1,2,mastered/AD3B4946-6752-4A63-9095-949E57B67EE6.mp3,2026-08-18 17:30:33.85472+00
171a7a99-cec6-453a-ba62-dd1bc3f4dd5e,eus_for_eng,1,2,mastered/EAF6E475-7AA6-4557-AE7F-7625A7F81334.mp3,2026-08-18 17:30:33.85472+00
17e6df24-5522-481b-96e1-dc0af603032b,eus_for_eng,1,2,mastered/D04ADD62-E9BF-4007-80EF-C90A59677228.mp3,2026-08-18 17:30:33.85472+00
1882a7d1-370f-444b-8ce2-0b62f1b16fe5,eus_for_eng,1,2,mastered/C3D6AA82-0B71-4B3B-927C-CA01304B3C4C.mp3,2026-08-18 17:30:33.85472+00
19e04fd7-acff-470d-b275-9234e8ce1fc4,eus_for_eng,1,2,mastered/3BB5067D-F1E5-47FF-8288-515871245D5B.mp3,2026-08-18 17:30:33.85472+00
19fe0d6f-0050-4d13-955f-2c2bf198247a,eus_for_eng,1,2,mastered/5D026ACD-A596-4CFB-9852-B35FC96D3841.mp3,2026-08-18 17:30:33.85472+00
1bf809dd-237d-49a9-b2a0-7723b04a7262,eus_for_eng,1,2,mastered/1197C694-502D-4FEC-80B3-67061F403656.mp3,2026-08-18 17:30:33.85472+00
1dfa4070-89cf-43de-8aad-44cbda8a87d9,eus_for_eng,1,2,mastered/68D7168C-1626-4B42-8839-AB6C5324CA03.mp3,2026-08-18 17:30:33.85472+00
1e6027c2-6cff-4b74-8dc7-f2a387fb70ed,eus_for_eng,1,2,mastered/B3A7A667-3C55-4432-9608-FE5B216B21D1.mp3,2026-08-18 17:30:33.85472+00
1e820f0e-e369-4acf-b871-28033707611a,eus_for_eng,1,2,mastered/9C2FE4F1-207D-4BC2-A18F-BFCE4F691AB2.mp3,2026-08-18 17:30:33.85472+00
1ef5d6c4-7dc5-4b22-87a9-917cd6b6ea39,eus_for_eng,1,2,mastered/4415F43A-928E-484D-BA9E-B3FEAF7C1E3E.mp3,2026-08-18 17:30:33.85472+00
1f8f4900-1883-4fbe-85d2-00a305ad12f5,eus_for_eng,1,2,mastered/922A2C5D-9D18-4EC8-A647-E0930A08B681.mp3,2026-08-18 17:30:33.85472+00
1febc8f1-e168-41f4-b697-90426e274102,eus_for_eng,1,2,mastered/21E61C6C-83AC-43DA-B0A1-B01AF5370C8B.mp3,2026-08-18 17:30:33.85472+00
20542f4f-75e1-4c2a-97a4-56c7de0dd6c4,eus_for_eng,1,2,mastered/43B2A99D-0A54-41E3-A351-05EA9CDFA3A5.mp3,2026-08-18 17:30:33.85472+00
209d0197-cc8e-41f0-bb20-0a5058642f37,eus_for_eng,1,2,mastered/64AB1A98-EC21-4AA6-B15B-435FE987111B.mp3,2026-08-18 17:30:33.85472+00
215ac7ff-2a5a-4ac5-b15a-afbd7c6e989b,eus_for_eng,1,2,mastered/CB5085B6-C93A-43EA-AF7F-2E5DC502C463.mp3,2026-08-18 17:30:33.85472+00
21a8b191-93e0-404e-8de0-23fdc53cb9f2,eus_for_eng,1,2,mastered/99FE1751-C1E6-4DF9-9969-86542534EF94.mp3,2026-08-18 17:30:33.85472+00
22413312-691d-486c-bf1a-59866be34dba,eus_for_eng,1,2,mastered/F6131B5E-B9DF-4697-B081-35E5122B3C7F.mp3,2026-08-18 17:30:33.85472+00
22a29739-6b0e-4ad7-bada-0411f636617f,eus_for_eng,1,2,mastered/E6DCA80A-D8D3-4CFB-836E-3BB9343BF062.mp3,2026-08-18 17:30:33.85472+00
2385d9b2-aa4b-4804-9125-17c07e3026a9,eus_for_eng,1,2,mastered/623896CA-0741-49E0-A4D4-4E5E387FFC7B.mp3,2026-08-18 17:30:33.85472+00
23d3d515-9fdf-4ab7-aac1-cb3017a11d65,eus_for_eng,1,2,mastered/5F651508-7F97-4E4C-846F-D2019A5E45F7.mp3,2026-08-18 17:30:33.85472+00
23f77bdf-f181-411d-9d83-89189fd5fb08,eus_for_eng,1,2,mastered/B570BD80-8610-46AA-ABF3-362CF6E1C7D6.mp3,2026-08-18 17:30:33.85472+00
2464a316-d657-4b1d-b654-09a96e9106a4,eus_for_eng,1,2,mastered/B4984652-6974-4A7D-A709-50001EF0CC76.mp3,2026-08-18 17:30:33.85472+00
254a6ffd-1ba1-437b-8ec7-75ee716c63d0,eus_for_eng,1,2,mastered/FF585576-C61C-4A06-9AD2-57AADD438502.mp3,2026-08-18 17:30:33.85472+00
259841a2-837c-479a-9aaa-27e45ad20d47,eus_for_eng,1,2,mastered/096C00FB-9673-4C28-BF05-499F75A6250B.mp3,2026-08-18 17:30:33.85472+00
2610e4ff-1a45-4d98-a1f7-47628f4d2148,eus_for_eng,1,2,mastered/7602A63D-3CB6-4D2C-92E0-9E25000D8E50.mp3,2026-08-18 17:30:33.85472+00
28976f1d-75ad-4875-bdff-d9a725a9c96c,eus_for_eng,1,2,mastered/9C263CA1-C574-4AB6-9C95-C7DCF93F2E03.mp3,2026-08-18 17:30:33.85472+00
28d9912b-8f73-4aaa-9284-97e1a25e20c6,eus_for_eng,1,2,mastered/43001A14-891B-4CFB-AF3A-6F8D611CED01.mp3,2026-08-18 17:30:33.85472+00
299372c0-c428-4572-a252-0f4cb0b71050,eus_for_eng,1,2,mastered/92F06F72-7EA0-4911-A469-299DE7CBCACC.mp3,2026-08-18 17:30:33.85472+00
2a10fb35-3444-4e35-a270-f6b331fb722a,eus_for_eng,1,2,mastered/DA4EC978-537F-4F63-B6CA-806716E31E72.mp3,2026-08-18 17:30:33.85472+00
2addfeea-ea77-4f95-86a5-7861d759e71a,eus_for_eng,1,2,mastered/7828E460-6CCB-4C0F-80C7-0F6FAAEED2EF.mp3,2026-08-18 17:30:33.85472+00
2c985cce-cacf-42e9-89ce-43c492190799,eus_for_eng,1,2,mastered/FC2A15BB-6BC3-4B52-9C95-3B0FEC9F79E0.mp3,2026-08-18 17:30:33.85472+00
2ca88036-c236-4984-b664-a339343ea4b0,eus_for_eng,1,2,mastered/A6713FE5-F1F1-4702-95DB-CC4BB3D96A15.mp3,2026-08-18 17:30:33.85472+00
2cb8deac-edc7-4a07-bbf3-aaa4a6dbc3a3,eus_for_eng,1,2,mastered/1D9077CF-2CBD-4C10-95F3-F10942651F12.mp3,2026-08-18 17:30:33.85472+00
2cce3e8c-c394-4f0d-96a6-40a48b117c92,eus_for_eng,1,2,mastered/1BFF5124-8FD4-4E4D-B5DA-518D652D53FC.mp3,2026-08-18 17:30:33.85472+00
2d4439b4-c19c-4c7b-99b8-e60d1a9cda59,eus_for_eng,1,2,mastered/9B39940C-3EA9-40CF-A6F6-907CDF01DA1C.mp3,2026-08-18 17:30:33.85472+00
2d854051-2505-442f-bbb5-90201e2603cb,eus_for_eng,1,2,mastered/15930A34-8233-41E8-B6A1-436E1F80B2D7.mp3,2026-08-18 17:30:33.85472+00
2d97bbab-ca40-41bc-a1e7-dd14e0e5bbd2,eus_for_eng,1,2,mastered/AD8258F2-C15A-4287-BBE4-57E1B2D3E044.mp3,2026-08-18 17:30:33.85472+00
2e9d8d7e-11fb-4d5c-8daa-bbb30bea52e6,eus_for_eng,1,2,mastered/0FF143A2-50DD-4072-B61F-492C5605EBAC.mp3,2026-08-18 17:30:33.85472+00
2f0cf7ec-1091-463a-8c4d-1898c13db756,eus_for_eng,1,2,mastered/BB0E76A8-C3C9-4F72-8B3D-24B574D79B69.mp3,2026-08-18 17:30:33.85472+00
3033fc24-8a23-45c8-8d42-c1b9f074156c,eus_for_eng,1,2,mastered/DC56993A-A46B-4A28-8235-4ED630A2E6EE.mp3,2026-08-18 17:30:33.85472+00
305841d1-274b-439e-bc51-9e4adbbb2e69,eus_for_eng,1,2,mastered/0B823803-DB06-4635-8BC5-F23D27611BEF.mp3,2026-08-18 17:30:33.85472+00
30b2836f-4879-4df1-b6e4-e387f0ad090b,eus_for_eng,1,2,mastered/729FDA24-B6DE-4035-B994-7C9F4999C445.mp3,2026-08-18 17:30:33.85472+00
314663be-36bd-4700-a36c-241dc7b7620a,eus_for_eng,1,2,mastered/DE5D4601-4CBD-44B5-AEA4-1C20A9DE8990.mp3,2026-08-18 17:30:33.85472+00
329a9f76-cb15-45c0-bee1-a9572f0f34e5,eus_for_eng,1,2,mastered/FE565A6D-07FE-4BC4-9C27-FBCCC32745E0.mp3,2026-08-18 17:30:33.85472+00
34761575-ef67-46ab-bc9e-e744fede6d09,eus_for_eng,1,2,mastered/A3FAA04F-2FB9-4D16-8E1E-F6F9DE85267E.mp3,2026-08-18 17:30:33.85472+00
3490e3ed-c5d6-4517-ac9d-e84154d59184,eus_for_eng,1,2,mastered/402A3248-10BE-4451-BEB7-C3FC7B6856BA.mp3,2026-08-18 17:30:33.85472+00
34a6ad76-6930-4c60-b3ea-319279266ab1,eus_for_eng,1,2,mastered/957229A5-110C-464C-928E-51F3AC8C84D7.mp3,2026-08-18 17:30:33.85472+00
353835f5-377c-4d36-a564-3149187bc05a,eus_for_eng,1,2,mastered/38EF1446-D4EE-454A-9D0C-0BCFAF9F72C2.mp3,2026-08-18 17:30:33.85472+00
35392ed8-6fe9-4a28-94b4-0792073fa030,eus_for_eng,1,2,mastered/C8DD6F77-E702-4308-AB35-F6AFF4042FA1.mp3,2026-08-18 17:30:33.85472+00
353ad512-f943-4349-876d-21eced637518,eus_for_eng,1,2,mastered/4E33FE89-5070-47DA-A1D1-4AD06D02A7CB.mp3,2026-08-18 17:30:33.85472+00
35908f86-34d4-43b2-ad7e-bb9164b4efae,eus_for_eng,1,2,mastered/EA28724B-5D6C-4BD3-BCAF-3A30DFE664D6.mp3,2026-08-18 17:30:33.85472+00
35a008de-0069-4964-b369-2b8fbbe80aea,eus_for_eng,1,2,mastered/58F7BD2B-6ABE-415F-94BD-75327C9EBD69.mp3,2026-08-18 17:30:33.85472+00
35cc9e6d-ab06-4fcc-98f7-7a21fd106986,eus_for_eng,1,2,mastered/C09DD057-CC15-478A-BD5C-37AF18C53694.mp3,2026-08-18 17:30:33.85472+00
3622e2ce-abd9-4752-a663-3c241a482c6e,eus_for_eng,1,2,mastered/BE8DEBA8-48B8-40E8-9387-4A10A539F655.mp3,2026-08-18 17:30:33.85472+00
367ecbb7-3a1d-4a12-89e7-e76a0e954fd9,eus_for_eng,1,2,mastered/0770C0A5-E9A8-4920-9E52-81100E2F9D76.mp3,2026-08-18 17:30:33.85472+00
36acc826-d815-4e15-8bbf-604a2a56f25f,eus_for_eng,1,2,mastered/3E548F81-4458-4A48-868A-3EDA05EC2B12.mp3,2026-08-18 17:30:33.85472+00
36d2bae5-3438-4fde-95c4-b6431102914a,eus_for_eng,1,2,mastered/5694B1DB-396E-45B9-8A65-5AA747C86A13.mp3,2026-08-18 17:30:33.85472+00
37db79ad-96e7-4780-a7e8-e4a9d815ff8d,eus_for_eng,1,2,mastered/B2C88277-7C3D-4D83-87D6-4D45FE9B8858.mp3,2026-08-18 17:30:33.85472+00
3860b573-a177-4de7-8c82-ea0983ae758d,eus_for_eng,1,2,mastered/F3649A0A-CC3F-4579-8954-DE50E25717BD.mp3,2026-08-18 17:30:33.85472+00
38f40b46-cf05-4401-839a-c0eeb65e749c,eus_for_eng,1,2,mastered/1449E5D9-4D0F-4146-9E24-B12B59314B0D.mp3,2026-08-18 17:30:33.85472+00
39616813-dd2e-4592-b30f-0f22142928ca,eus_for_eng,1,2,mastered/A75A772D-DDA0-4C06-B6A0-5F2EB0F2F662.mp3,2026-08-18 17:30:33.85472+00
3a297479-a314-4912-9638-d06f77e0d32f,eus_for_eng,1,2,mastered/F1FA4185-2F43-41D6-B399-8AD2F419B398.mp3,2026-08-18 17:30:33.85472+00
3aa511b0-96d1-4301-b94d-485695321dc9,eus_for_eng,1,2,mastered/BEFB587A-0230-46D4-BD93-91CA02376398.mp3,2026-08-18 17:30:33.85472+00
3aed685a-4029-472d-b630-01b99b189da3,eus_for_eng,1,2,mastered/CC7298D6-C27A-4217-93BF-B18EB2A1B7D1.mp3,2026-08-18 17:30:33.85472+00
3b747578-c1be-426c-b00c-76d159f92f05,eus_for_eng,1,2,mastered/973105FA-1F89-40DA-8C8E-7238AF20A398.mp3,2026-08-18 17:30:33.85472+00
3beb22e8-f1c0-425d-a53f-4b0cf305cb19,eus_for_eng,1,2,mastered/2DB4FA36-8F33-4D3C-9CE8-224698405D24.mp3,2026-08-18 17:30:33.85472+00
3c7bac2f-69ae-4705-9e6d-9501d12230d8,eus_for_eng,1,2,mastered/28ADC8D7-4BE6-4CD0-AF6F-057B388DDB57.mp3,2026-08-18 17:30:33.85472+00
3dbef964-853b-443d-acb5-1bf6cc183312,eus_for_eng,1,2,mastered/BEBB7ACF-B543-4DC8-9AB0-1AB858AC7129.mp3,2026-08-18 17:30:33.85472+00
3e23b902-43a2-4258-86d7-abf4a835701a,eus_for_eng,1,2,mastered/19CFDD05-CD9A-4C82-BE3C-B96EEA4325CA.mp3,2026-08-18 17:30:33.85472+00
3e73a19a-43f3-4e99-b3d3-337339ac7cea,eus_for_eng,1,2,mastered/209B0100-2F2E-4CAB-9610-248801C87615.mp3,2026-08-18 17:30:33.85472+00
3eb2dfb9-63ba-472c-9bfd-a79b80b7817c,eus_for_eng,1,2,mastered/2CA4659A-367E-4FA3-99C7-A4D583DAAC4B.mp3,2026-08-18 17:30:33.85472+00
3f8ab943-0679-40c5-a783-0a7c15c41034,eus_for_eng,1,2,mastered/A341030E-CDB5-4F22-BC1E-B4C542C3D4A3.mp3,2026-08-18 17:30:33.85472+00
3fb3d575-887a-4ca9-8d24-03caeac50a66,eus_for_eng,1,2,mastered/63B60AFB-E594-4458-B99C-3D0D969E0E5D.mp3,2026-08-18 17:30:33.85472+00
3fe885ee-49f8-4e9e-bbc6-18a0e9e02471,eus_for_eng,1,2,mastered/490F9079-9774-4679-BD38-EE3FD55D3DDB.mp3,2026-08-18 17:30:33.85472+00
4061f858-049c-4408-a25e-a334b98500cc,eus_for_eng,1,2,mastered/1CEE72CF-C690-4C26-BFC9-59456FCB16FA.mp3,2026-08-18 17:30:33.85472+00
40b2f2c9-679c-4212-a0ce-7f028fb7459b,eus_for_eng,1,2,mastered/155CF287-1963-4753-88D7-33526EFE43FC.mp3,2026-08-18 17:30:33.85472+00
4107d2de-a7e7-4012-a8d8-201086104495,eus_for_eng,1,2,mastered/485A55F6-751A-4418-A3D8-AFE73530DF01.mp3,2026-08-18 17:30:33.85472+00
41085b83-c76f-4b5f-873f-d17534d5b09a,eus_for_eng,1,2,mastered/C771BBB4-3F3C-4C11-AB1E-6CBB827D84C0.mp3,2026-08-18 17:30:33.85472+00
41ddc7d7-2efb-4c49-b569-c5b5677947f7,eus_for_eng,1,2,mastered/3D90D9EB-DDAB-4668-A085-35023E0D3A5D.mp3,2026-08-18 17:30:33.85472+00
41ee5b23-f58d-44ad-8fd8-d994cfdb0f2a,eus_for_eng,1,2,mastered/CB016AC7-9A96-411A-946C-BBFBCA13D9E5.mp3,2026-08-18 17:30:33.85472+00
426e7fa1-8a2f-4acd-a515-09da99d18f31,eus_for_eng,1,2,mastered/3E1E345E-11E1-43BA-A1CB-BD82D3BC3866.mp3,2026-08-18 17:30:33.85472+00
432ef6f0-7afb-49ab-916b-e0f8d28b1481,eus_for_eng,1,2,mastered/9F958B7E-93B0-4F09-9764-C46CF457B9F9.mp3,2026-08-18 17:30:33.85472+00
43667ec3-b478-4933-ae00-9aae95baa706,eus_for_eng,1,2,mastered/B979167B-7FAD-4756-98FB-332A9478D060.mp3,2026-08-18 17:30:33.85472+00
446d9bfd-4b0c-4b3d-b957-3838bef176d0,eus_for_eng,1,2,mastered/C3E11A82-16E5-4D6D-A55B-8B70DBEB1AF8.mp3,2026-08-18 17:30:33.85472+00
45948401-20b4-437e-b542-93d8c580f0bd,eus_for_eng,1,2,mastered/ED1C57A1-6840-467C-9E5E-A99F009B97E1.mp3,2026-08-18 17:30:33.85472+00
459720ba-30dd-419c-b9e5-d3d3a3c89904,eus_for_eng,1,2,mastered/3067BAD3-FB83-4FDA-AA32-A0B7D5276176.mp3,2026-08-18 17:30:33.85472+00
463ed53b-6240-4a48-986d-ac49dd003129,eus_for_eng,1,2,mastered/66FC2639-B981-4D39-97D6-0119A1DF1B5F.mp3,2026-08-18 17:30:33.85472+00
47975d75-a992-424f-8f92-ee5a17b7eb8d,eus_for_eng,1,2,mastered/3174453B-72E1-4C5B-AB6A-78350287A811.mp3,2026-08-18 17:30:33.85472+00
47ea9a15-a050-4aab-9a75-abbe4641a43d,eus_for_eng,1,2,mastered/28E4DE6F-D22A-4EAD-A668-02A5318B8186.mp3,2026-08-18 17:30:33.85472+00
4827dc89-0df3-4476-bf03-5fa9017d3b26,eus_for_eng,1,2,mastered/95410D7E-E384-4F71-ABD9-9CF6745C8EB2.mp3,2026-08-18 17:30:33.85472+00
4869e04d-fcb1-4d6f-ae23-e38049e5d5fb,eus_for_eng,1,2,mastered/315F84A4-6BD3-4EF6-A401-A3600E9297DC.mp3,2026-08-18 17:30:33.85472+00
486f3577-6f3f-4fc2-9629-2741a929f066,eus_for_eng,1,2,mastered/74B3D0D8-E614-45AE-B281-48CB58141196.mp3,2026-08-18 17:30:33.85472+00
48924ba6-778b-4afa-934f-c1b51cc0e2b5,eus_for_eng,1,2,mastered/9A24671F-4491-476F-87FD-B672AEBA8AAE.mp3,2026-08-18 17:30:33.85472+00
493d7e51-1396-45e2-9ef1-5c28acb1df42,eus_for_eng,1,2,mastered/1A6DDA22-F5F9-4186-8D6D-3167822BEC3E.mp3,2026-08-18 17:30:33.85472+00
497980b7-2cd7-49c6-b5d2-c2623e44b0bd,eus_for_eng,1,2,mastered/5924F0B4-15E2-47F3-A064-C78CF8140038.mp3,2026-08-18 17:30:33.85472+00
49a343a6-7ff0-4da7-a13c-86d8dbebdfa1,eus_for_eng,1,2,mastered/8BEE307A-8596-4304-9CA1-55E3A9FC0BD8.mp3,2026-08-18 17:30:33.85472+00
4a0860da-522c-4e5e-a95a-82a59d868317,eus_for_eng,1,2,mastered/265AEEAE-3FAC-45EB-9694-52FFD718F78D.mp3,2026-08-18 17:30:33.85472+00
4a2dbfc5-a06b-44f2-ad98-383a4c723fb7,eus_for_eng,1,2,mastered/751DA49D-B325-45FB-AD0D-BAB9C33D81EC.mp3,2026-08-18 17:30:33.85472+00
4a3f28a4-d512-48ec-8a33-c9c8b40f591e,eus_for_eng,1,2,mastered/7545995D-8280-478C-B181-4D6D9ED7D1B0.mp3,2026-08-18 17:30:33.85472+00
4a730f5e-d2e2-43c0-845f-cc630407b5bb,eus_for_eng,1,2,mastered/F8751206-A0A3-4A9D-B314-8D22C6045805.mp3,2026-08-18 17:30:33.85472+00
4a8097f6-eda6-4862-b2a0-364b66b23c83,eus_for_eng,1,2,mastered/18322DD0-45B6-49E9-AB3E-6146D1522EC2.mp3,2026-08-18 17:30:33.85472+00
4c3899b6-9a08-4e75-8cef-639f2d082aef,eus_for_eng,1,2,mastered/BE6E3D86-E810-4AE0-80FC-975A9DAE17A6.mp3,2026-08-18 17:30:33.85472+00
4c941992-dd3e-4942-b1cb-f375cd0698fe,eus_for_eng,1,2,mastered/66AA3FCF-8546-4203-B982-D25173EDAA2B.mp3,2026-08-18 17:30:33.85472+00
4c9bdc34-1c1e-4793-9fea-4755f295dfad,eus_for_eng,1,2,mastered/50B237CF-8D27-409D-BAAB-AE27001175D3.mp3,2026-08-18 17:30:33.85472+00
4d5c52af-9517-44fe-8bb8-37201d5ee101,eus_for_eng,1,2,mastered/96195CB5-B714-46F8-B2B0-ECE4B934CE18.mp3,2026-08-18 17:30:33.85472+00
4d68b92d-020d-409d-aabe-4fc8e8149c34,eus_for_eng,1,2,mastered/E9A15108-D573-4305-AADA-D5C18C35687F.mp3,2026-08-18 17:30:33.85472+00
4f1ffc37-3182-434b-9ef0-de7e20854573,eus_for_eng,1,2,mastered/F2141674-FCD5-400B-8A31-6A97BD7918AD.mp3,2026-08-18 17:30:33.85472+00
4fc51c6f-87de-4237-931a-a78a50c95631,eus_for_eng,1,2,mastered/8169FCCA-0000-43B6-99F5-2AC0E5AF57B1.mp3,2026-08-18 17:30:33.85472+00
507912f0-d3b2-47b3-9811-2578c7cdcee0,eus_for_eng,1,2,mastered/B5798AA1-1B15-407E-A369-1A5F379BD088.mp3,2026-08-18 17:30:33.85472+00
508ffdcf-6bcc-450d-89c6-ad16b4d630aa,eus_for_eng,1,2,mastered/BE2A5CD2-217E-4284-A09A-993BD4DB4880.mp3,2026-08-18 17:30:33.85472+00
50c84038-27fe-473c-85bd-6ca2c0c66ba2,eus_for_eng,1,2,mastered/0E719BC3-CC86-4165-AEB7-DA3CD211B6AD.mp3,2026-08-18 17:30:33.85472+00
5220ed51-07de-4a9a-bc85-2bd339f5768e,eus_for_eng,1,2,mastered/077376DF-4ED3-4A62-8220-EEDB4A7FCE34.mp3,2026-08-18 17:30:33.85472+00
5225962c-8ca5-457b-911a-3d29627adb4a,eus_for_eng,1,2,mastered/BEE68573-A326-4FC8-A873-6ACD72E8329C.mp3,2026-08-18 17:30:33.85472+00
522d181c-799b-46ce-a5c4-db171b280163,eus_for_eng,1,2,mastered/AF49BD8F-FE9A-4042-A57E-97C14E7BFC35.mp3,2026-08-18 17:30:33.85472+00
52ba23da-1980-4d2b-b5f4-1668835b835b,eus_for_eng,1,2,mastered/B93631C6-615D-4600-989D-C3BE518C0BA2.mp3,2026-08-18 17:30:33.85472+00
535b89f6-8b49-4c21-ba69-20929cf6fbb8,eus_for_eng,1,2,mastered/722464B0-A489-4E6D-8896-68E057CA4D5B.mp3,2026-08-18 17:30:33.85472+00
53ce342e-7e04-4137-9fc0-303a00176949,eus_for_eng,1,2,mastered/D77AD8A9-41FB-492A-A153-ED5E8C1B017D.mp3,2026-08-18 17:30:33.85472+00
564a608d-316c-4736-9589-ffe00ee7bce6,eus_for_eng,1,2,mastered/88D578A1-4E6F-41A6-A0CA-D18F9B485FA0.mp3,2026-08-18 17:30:33.85472+00
58dcf8c9-aba4-4e8b-ac90-9a11562a2918,eus_for_eng,1,2,mastered/906A09AE-2E2B-4D22-AEAC-7EEC61AED64E.mp3,2026-08-18 17:30:33.85472+00
58ddf9be-dcfe-4de2-97c6-f13795b8c865,eus_for_eng,1,2,mastered/F84FC776-4FE8-48DB-8C99-865E65F459C9.mp3,2026-08-18 17:30:33.85472+00
59f3630d-7b5b-475a-b46e-20f68aefb204,eus_for_eng,1,2,mastered/FCD02759-E36E-4DAC-83AE-C6535C6CBBA1.mp3,2026-08-18 17:30:33.85472+00
5a199058-8648-4fef-b0d5-b0c079d9e504,eus_for_eng,1,2,mastered/84428A25-0757-4629-A26B-54C1479A81B6.mp3,2026-08-18 17:30:33.85472+00
5ab7768a-c2e6-4e69-9247-4743b6702e99,eus_for_eng,1,2,mastered/BEFF3AFB-9397-454D-B88A-BD2A838A3BEA.mp3,2026-08-18 17:30:33.85472+00
5adfdf39-2055-4780-87da-fca3a41bcd3d,eus_for_eng,1,2,mastered/C251B902-798E-46B5-864B-5D46A0BC45CD.mp3,2026-08-18 17:30:33.85472+00
5c5ac453-a7ac-4520-9dd1-760b7fec6414,eus_for_eng,1,2,mastered/15856909-B614-4C9F-8620-5B3F3DBE951F.mp3,2026-08-18 17:30:33.85472+00
5d72b8ee-8daa-4a62-bdae-878d0d912ac5,eus_for_eng,1,2,mastered/FED6BCD5-B325-4000-A957-36C063D6BBFB.mp3,2026-08-18 17:30:33.85472+00
5da73a9c-477a-4c07-8001-d4c78d26afbe,eus_for_eng,1,2,mastered/6A9573D9-683B-4926-93F8-F76B9B0A313E.mp3,2026-08-18 17:30:33.85472+00
5dacd8c4-cd21-40fb-b7a0-308777b240d4,eus_for_eng,1,2,mastered/59986D54-9DEE-4717-8F1E-AE3EB6CB0791.mp3,2026-08-18 17:30:33.85472+00
5f523295-a48e-4e2d-a17a-209e20188ac3,eus_for_eng,1,2,mastered/F3C1DEFC-4AEF-4B39-885D-AF955EA41527.mp3,2026-08-18 17:30:33.85472+00
5ff6861e-937d-479e-9400-ffc615472a0e,eus_for_eng,1,2,mastered/2EAB422E-7C99-4120-9AFA-A28BAB06EE93.mp3,2026-08-18 17:30:33.85472+00
607bee30-fd7e-417c-9c58-f90d3f0d2851,eus_for_eng,1,2,mastered/B2F657FA-56DB-4D76-AF4A-F72B394AE684.mp3,2026-08-18 17:30:33.85472+00
61324131-998e-4c2a-9d2c-2d37c069077b,eus_for_eng,1,2,mastered/6F24705A-07C2-4E6B-A71F-FCF9C10DA03D.mp3,2026-08-18 17:30:33.85472+00
6156f552-f0ee-4ed9-a1fc-ec4dc8b6781b,eus_for_eng,1,2,mastered/ADA6B535-BEB4-4F58-94BC-4FF935D2FFF8.mp3,2026-08-18 17:30:33.85472+00
616b3dc7-2ff2-4dac-95e9-fbca93f2002d,eus_for_eng,1,2,mastered/31AB881A-9CD3-4998-9342-9F1496274789.mp3,2026-08-18 17:30:33.85472+00
61914374-cfc1-41e3-a29d-983e00971922,eus_for_eng,1,2,mastered/E2C3E6F6-7A2A-4C93-B5A6-385D3E8EF5E4.mp3,2026-08-18 17:30:33.85472+00
61c45c1c-e0f9-4f48-a717-67411f10882a,eus_for_eng,1,2,mastered/BE007675-909B-4FFA-9F03-38607073C84C.mp3,2026-08-18 17:30:33.85472+00
647f1ef5-4850-4df7-9fb9-c1676238e379,eus_for_eng,1,2,mastered/ABCA3836-C5A7-4353-8D55-0EBD8FB278D7.mp3,2026-08-18 17:30:33.85472+00
64c69974-f1b3-4a06-ad86-1203b0c9c368,eus_for_eng,1,2,mastered/B2F7774B-B8DE-4655-8030-E37588D45BE4.mp3,2026-08-18 17:30:33.85472+00
64eebdac-3113-49b7-b5a4-d28341ae3000,eus_for_eng,1,2,mastered/6439CF9F-F920-497C-9A8A-79E1A950F0A5.mp3,2026-08-18 17:30:33.85472+00
662f53e3-c1be-4eb2-abfc-07cc0ec4ee6e,eus_for_eng,1,2,mastered/9D22486D-AB37-42C0-8D67-72B8E399BAA5.mp3,2026-08-18 17:30:33.85472+00
66f33906-1731-46ce-9fa3-8b6b36d6b920,eus_for_eng,1,2,mastered/A90292AF-C910-4A29-86CA-ABA58C34DB03.mp3,2026-08-18 17:30:33.85472+00
68a4b662-912f-4e8b-a6bf-6d4e5ad28916,eus_for_eng,1,2,mastered/A03D257A-16B7-425C-9EB0-942DDF4FDE0B.mp3,2026-08-18 17:30:33.85472+00
699d93c1-e219-4d4c-9eff-4962b254b7ee,eus_for_eng,1,2,mastered/0232D037-6DD0-4F8D-A109-71B168D355F6.mp3,2026-08-18 17:30:33.85472+00
6a37f54a-9d75-48f4-b76a-1747dd893e54,eus_for_eng,1,2,mastered/704C8CC0-210F-4E1E-BD5D-1F232F5B9D64.mp3,2026-08-18 17:30:33.85472+00
6b773db9-d316-498a-b7b3-bbba7401d812,eus_for_eng,1,2,mastered/F67FD8E6-1384-48A4-A71D-3329FC79F85E.mp3,2026-08-18 17:30:33.85472+00
6c12ceb7-5fcc-4455-b68a-cdf7307125cb,eus_for_eng,1,2,mastered/20CFD8BD-7446-42F5-A8F8-5637BEC59F37.mp3,2026-08-18 17:30:33.85472+00
6c5c797c-9373-4d20-89a8-611bb1625ec5,eus_for_eng,1,2,mastered/0E9110C2-3B06-4159-B551-0DF1DAEB066D.mp3,2026-08-18 17:30:33.85472+00
6cd5015d-744f-43b7-acb2-60dd9d533e05,eus_for_eng,1,2,mastered/E06D1992-1C81-476B-8DB1-45CA415C087C.mp3,2026-08-18 17:30:33.85472+00
6d71aaf4-9280-4ab5-9b65-119c49b8aeb8,eus_for_eng,1,2,mastered/E4B1FFFE-EE2E-40DF-BC07-B35CBF38E51C.mp3,2026-08-18 17:30:33.85472+00
6e42278a-3a04-4174-a3a9-239fc90c64d2,eus_for_eng,1,2,mastered/80C516BA-7086-4910-BEB9-51B1444F87E1.mp3,2026-08-18 17:30:33.85472+00
6ee5be58-a017-42d8-83cd-797b42d92daa,eus_for_eng,1,2,mastered/CFCED306-5173-4B7C-A0EE-61DF49CC2948.mp3,2026-08-18 17:30:33.85472+00
6f7624aa-13f2-4fff-9167-4ff1495d4fe8,eus_for_eng,1,2,mastered/4C00BECB-195A-4787-B68F-4359BD426567.mp3,2026-08-18 17:30:33.85472+00
711f975a-61d1-450b-b2aa-b34549814c2e,eus_for_eng,1,2,mastered/4F8E918C-AA56-4233-9BCF-561325230CA4.mp3,2026-08-18 17:30:33.85472+00
7176e6f9-cf0e-4304-914e-ac5795674026,eus_for_eng,1,2,mastered/5E62F664-7735-4FC5-8DA9-E398A44EF31C.mp3,2026-08-18 17:30:33.85472+00
721bc636-861a-4a98-9b36-8410df28fba6,eus_for_eng,1,2,mastered/A24EF578-6CF3-42EE-AEAC-89084D997EF9.mp3,2026-08-18 17:30:33.85472+00
722add8b-3dc7-481d-bbb2-9ae707c3e82b,eus_for_eng,1,2,mastered/39973A89-FE53-4863-90C4-9444F6E0A6A3.mp3,2026-08-18 17:30:33.85472+00
724daf78-a4c3-4bf1-b882-5c4659a3897a,eus_for_eng,1,2,mastered/6BEA4555-F87B-40CB-B0D4-A174055988C8.mp3,2026-08-18 17:30:33.85472+00
73045225-439f-438f-b8c8-d4501c2991af,eus_for_eng,1,2,mastered/3D2AF331-B573-433A-865E-92C62095E424.mp3,2026-08-18 17:30:33.85472+00
7387c609-b7f0-447f-b8f6-d59f1bd3b58e,eus_for_eng,1,2,mastered/82414BF4-684E-4F92-8B55-05F6C02824B7.mp3,2026-08-18 17:30:33.85472+00
752396d0-f53d-4f3e-a3bb-9fc5d7bcdc72,eus_for_eng,1,2,mastered/08AB2E33-ECA8-4185-AAFE-9765548D5C48.mp3,2026-08-18 17:30:33.85472+00
754f2c06-b762-4f16-9368-8d5663ac71b1,eus_for_eng,1,2,mastered/E83D5EBD-A511-4334-9978-DC01B44B8CA1.mp3,2026-08-18 17:30:33.85472+00
76767304-26a0-4448-88fa-7eb034be140f,eus_for_eng,1,2,mastered/F182F949-C081-4621-A958-605A3B78EFEA.mp3,2026-08-18 17:30:33.85472+00
76a4e1fe-f423-43d9-b68f-a1237318abd6,eus_for_eng,1,2,mastered/4529CF98-815B-4E0D-83C5-498E47792A6C.mp3,2026-08-18 17:30:33.85472+00
77a50979-4cc5-4047-a19d-34d832e43845,eus_for_eng,1,2,mastered/62C1FEA9-72F5-48A7-87A0-5760B76D145C.mp3,2026-08-18 17:30:33.85472+00
782eaba1-34d4-4f89-827f-339c8ae78203,eus_for_eng,1,2,mastered/F37355AD-E2EC-4A47-85AA-950FF766FA89.mp3,2026-08-18 17:30:33.85472+00
78584dc3-6e25-4209-9252-7763743518ca,eus_for_eng,1,2,mastered/6F07EE56-5554-4B06-B7F3-11BA646354DE.mp3,2026-08-18 17:30:33.85472+00
78dcd172-30a1-4f75-8480-4e0c8f1b9525,eus_for_eng,1,2,mastered/DAA68ADC-5659-4783-BEC8-A2F2EE3B6124.mp3,2026-08-18 17:30:33.85472+00
7a518ab6-60f8-4db5-a05e-fe6c81d8e28c,eus_for_eng,1,2,mastered/3081FBC0-B5DD-498F-BB91-8CCDE6BD5A06.mp3,2026-08-18 17:30:33.85472+00
7afff2ee-ea56-45e8-97a1-ffc5d68df9d0,eus_for_eng,1,2,mastered/BA056BB1-4D43-48D0-B81E-464A804259A8.mp3,2026-08-18 17:30:33.85472+00
7b13d9b8-3988-411d-a851-62097f5b9627,eus_for_eng,1,2,mastered/1C975B4E-9556-4506-A95C-47B0235F980A.mp3,2026-08-18 17:30:33.85472+00
7b3042b6-64db-4304-a764-2ecde770d83f,eus_for_eng,1,2,mastered/39FEE7CD-CA73-48FF-A076-727BC70225D7.mp3,2026-08-18 17:30:33.85472+00
7c255530-27b6-4e37-9846-768afbc04659,eus_for_eng,1,2,mastered/5AD459A2-74CF-479E-952A-3B9E007C7946.mp3,2026-08-18 17:30:33.85472+00
7c345fb2-4042-49ee-afab-027e098f8f62,eus_for_eng,1,2,mastered/7FFFA777-5B6E-4F4A-B772-C51B3139A28A.mp3,2026-08-18 17:30:33.85472+00
7ca40b54-e21e-4126-a476-e923ea5885d8,eus_for_eng,1,2,mastered/339FE6C4-45C3-4582-B9BA-18EF3978A8F5.mp3,2026-08-18 17:30:33.85472+00
7d0574d4-aa2e-4ac7-b358-c689f151dfad,eus_for_eng,1,2,mastered/B41DEC1E-E786-4831-95BE-C483D3A359C6.mp3,2026-08-18 17:30:33.85472+00
7d76c8a8-a3b0-4f18-b857-3fe681999ffd,eus_for_eng,1,2,mastered/42468FF7-BA12-462A-BB28-405CA51907EA.mp3,2026-08-18 17:30:33.85472+00
7db799f1-ed10-44fc-8084-72fc035ccbf8,eus_for_eng,1,2,mastered/9C3F1B77-2C46-4F6A-901E-1A78E174BAED.mp3,2026-08-18 17:30:33.85472+00
7f53cb9c-eb68-4ab0-bcb7-3e8f1a644d6f,eus_for_eng,1,2,mastered/2AFE7275-1B91-4EC5-A5E0-0B735708F710.mp3,2026-08-18 17:30:33.85472+00
7fbeaef7-e41a-451a-ba96-76f1205d2f8e,eus_for_eng,1,2,mastered/2FBFD78C-3038-4953-9B48-E0AA6E393154.mp3,2026-08-18 17:30:33.85472+00
7fd360b6-7b12-4e3f-b12a-445b79b067da,eus_for_eng,1,2,mastered/D040880E-3FB5-46BB-ADBE-6D68031C70F7.mp3,2026-08-18 17:30:33.85472+00
80b45869-9ddf-477d-9af9-139ac4ac7d7f,eus_for_eng,1,2,mastered/BB6E55F3-9A20-4993-BCF1-3CEA069BB3C7.mp3,2026-08-18 17:30:33.85472+00
827bb37c-5878-4d41-a600-ff25944a783a,eus_for_eng,1,2,mastered/08228A34-B38D-4171-BF71-5DEFFE907018.mp3,2026-08-18 17:30:33.85472+00
82c25aab-f967-4671-8a61-048affa804c8,eus_for_eng,1,2,mastered/3C988C04-CB31-4DBA-85F3-F6840445ED3D.mp3,2026-08-18 17:30:33.85472+00
8357dcc9-7ec5-462d-81aa-8f80496034c1,eus_for_eng,1,2,mastered/A4088F93-41E1-46D4-8FAC-C68DE804DEB8.mp3,2026-08-18 17:30:33.85472+00
84936dbf-a25a-4454-a1d2-04fbd93f6faf,eus_for_eng,1,2,mastered/193676A4-784C-434E-AF96-C15B4D641F20.mp3,2026-08-18 17:30:33.85472+00
84da71db-4283-48df-9557-3f975d4b0289,eus_for_eng,1,2,mastered/7A93FAB2-687B-4A99-BD02-C727628D92F4.mp3,2026-08-18 17:30:33.85472+00
85a92b01-21de-4592-8f85-5507deabf421,eus_for_eng,1,2,mastered/8D9A6C54-9BEA-4455-97AE-C41866F1C257.mp3,2026-08-18 17:30:33.85472+00
86477262-62a2-4e2e-9786-2caf3dfb09f1,eus_for_eng,1,2,mastered/2899C3E7-2A4E-4D24-9447-06795312E558.mp3,2026-08-18 17:30:33.85472+00
87748950-ec1a-422d-96e0-dc76b39ead44,eus_for_eng,1,2,mastered/F6774764-C87C-40CF-A351-CD23F6044F7F.mp3,2026-08-18 17:30:33.85472+00
8788bc53-b574-49c9-b787-b19dfec261f4,eus_for_eng,1,2,mastered/1F626C7D-FA23-4CB8-A275-2B99072D4BA6.mp3,2026-08-18 17:30:33.85472+00
87a06477-be4f-4bba-91a5-7d45093a5117,eus_for_eng,1,2,mastered/04035262-C66C-42D8-9947-EB985D9AC33F.mp3,2026-08-18 17:30:33.85472+00
888ae21e-380f-42c7-87f2-a705f3fabbd0,eus_for_eng,1,2,mastered/2C16CDFE-6765-4A54-8421-A54D17443543.mp3,2026-08-18 17:30:33.85472+00
8890a938-60e2-4236-b262-e264da47f418,eus_for_eng,1,2,mastered/F44A99ED-41C2-4068-AD40-F2FB97F628CA.mp3,2026-08-18 17:30:33.85472+00
88d63f30-2904-4890-880e-055a5801233a,eus_for_eng,1,2,mastered/315EA846-E3F6-4DE7-B681-2486D20BF28E.mp3,2026-08-18 17:30:33.85472+00
897854cd-6d2e-4bda-b069-11bcdf0bf3e0,eus_for_eng,1,2,mastered/3A9D2A44-E65E-45FE-98E3-850DFB8A0606.mp3,2026-08-18 17:30:33.85472+00
8abaa07b-7645-4868-9b01-68138781ad6d,eus_for_eng,1,2,mastered/DF189A88-FCC8-451D-A321-737E2B91EED6.mp3,2026-08-18 17:30:33.85472+00
8b0adc23-85db-4314-92b3-24c0c394642e,eus_for_eng,1,2,mastered/2C1E721A-93CC-444C-8DE6-827FA1BDFBFC.mp3,2026-08-18 17:30:33.85472+00
8b211398-4f3f-4c8b-8ce0-05a81d418266,eus_for_eng,1,2,mastered/26667BFF-EB9B-476D-9635-2B438FCF5C7B.mp3,2026-08-18 17:30:33.85472+00
8b2d2399-6fb9-429b-8667-40e1238a3030,eus_for_eng,1,2,mastered/D219C2AF-EBD7-4706-A7BE-A24420939D62.mp3,2026-08-18 17:30:33.85472+00
8cf57971-ea5d-4bd4-99b1-5483b6c1bd43,eus_for_eng,1,2,mastered/2A2B786F-F0ED-4F77-BDA7-5484302B8787.mp3,2026-08-18 17:30:33.85472+00
8cfa9f20-e601-4923-b70b-ca03060b85f9,eus_for_eng,1,2,mastered/F8FAE986-C31B-4C10-9ED9-C30E9270294B.mp3,2026-08-18 17:30:33.85472+00
8dc0d3a5-6882-431d-8e52-d60d9ba46024,eus_for_eng,1,2,mastered/9C18A41A-9E6B-4EFE-A509-9688E5668308.mp3,2026-08-18 17:30:33.85472+00
8e349ef8-39aa-40e9-b247-46323a92f25e,eus_for_eng,1,2,mastered/EE755ED5-CF59-43E1-9013-DACED760B71E.mp3,2026-08-18 17:30:33.85472+00
9062e216-0f8f-4a29-a797-ac18673ecd60,eus_for_eng,1,2,mastered/2690D9A7-02D0-4679-A019-21EE5C51C953.mp3,2026-08-18 17:30:33.85472+00
91bfc550-005a-41b3-bfc4-7103cb8456c6,eus_for_eng,1,2,mastered/D24BEB40-0373-4958-BCF4-FC40BEE786F8.mp3,2026-08-18 17:30:33.85472+00
927f907a-af96-4342-aa2d-1ef12088db55,eus_for_eng,1,2,mastered/52D72F60-BD73-4D6E-AE02-3DC37FCF775A.mp3,2026-08-18 17:30:33.85472+00
92ec1a16-a88b-4488-945c-0c334a0a06e2,eus_for_eng,1,2,mastered/523CD8C5-03A4-4460-B98D-F059F7A46006.mp3,2026-08-18 17:30:33.85472+00
938912c6-5392-40ef-bdfe-c000efd9d715,eus_for_eng,1,2,mastered/ABA2409F-00FB-40BB-A42F-1FAAA9914FC3.mp3,2026-08-18 17:30:33.85472+00
9437d607-a74d-4562-a484-811044ac9c6d,eus_for_eng,1,2,mastered/D97441AC-177D-4739-8546-390563F7E535.mp3,2026-08-18 17:30:33.85472+00
947bc95f-a116-49ac-80a4-7e4c7ce2bc51,eus_for_eng,1,2,mastered/5E2E6E83-71DA-4FE4-806D-9749B8B376B8.mp3,2026-08-18 17:30:33.85472+00
94a3e37a-5cb0-4a4a-a28e-1de6c8ef6794,eus_for_eng,1,2,mastered/54C44DE4-B63C-44DD-BADC-B7529BCB5107.mp3,2026-08-18 17:30:33.85472+00
95b0049d-9f20-4395-9037-5aaa0feec8a9,eus_for_eng,1,2,mastered/6E30C768-3870-4170-8CDB-8CFCA54107E3.mp3,2026-08-18 17:30:33.85472+00
95e8240d-5c8e-40af-a336-fdc34cd43b3e,eus_for_eng,1,2,mastered/88CB3FE6-91BF-4DD3-A641-A2F0C2A3198F.mp3,2026-08-18 17:30:33.85472+00
9674030f-16ab-4e4e-b93e-772a3c4d7277,eus_for_eng,1,2,mastered/72091E9B-2175-4384-82F7-E05EDE73C3CE.mp3,2026-08-18 17:30:33.85472+00
96915909-a122-4251-b8fd-94b639ae7168,eus_for_eng,1,2,mastered/48230928-335A-4517-85DD-C10331F5EAF5.mp3,2026-08-18 17:30:33.85472+00
9698d8ad-3a92-4c41-93c8-cde3bed30675,eus_for_eng,1,2,mastered/C0D7A79F-68CF-4063-80A7-525FD657CC44.mp3,2026-08-18 17:30:33.85472+00
97311866-8390-413c-882a-0ddb03f68761,eus_for_eng,1,2,mastered/0BB4D67F-832A-491B-8995-A45739E0D772.mp3,2026-08-18 17:30:33.85472+00
976b6908-15db-41a3-9566-1b4ef1759491,eus_for_eng,1,2,mastered/A7BE6B8A-189B-45B4-A003-2E92D588DD5E.mp3,2026-08-18 17:30:33.85472+00
97d26b3c-9fb6-4d4e-ad94-c631df8315ad,eus_for_eng,1,2,mastered/E742CFA8-150A-4FB5-B033-44995CA14F7D.mp3,2026-08-18 17:30:33.85472+00
980a6e8d-2296-4fa4-9821-5a0070fdca77,eus_for_eng,1,2,mastered/7187A366-89E3-47A2-97FB-CD0CFC343962.mp3,2026-08-18 17:30:33.85472+00
98a9cf2b-c647-49e3-9b47-a5371bf7f72b,eus_for_eng,1,2,mastered/D4ADC0B9-EFE5-4D92-A28B-668FE8BD9A9B.mp3,2026-08-18 17:30:33.85472+00
9902bf50-b7bc-4d2f-8de6-ae41b94d053a,eus_for_eng,1,2,mastered/3B491CB1-9B00-4C86-80F3-54E91AC749DB.mp3,2026-08-18 17:30:33.85472+00
9adc26be-fb01-4610-8045-dfcd555eeb09,eus_for_eng,1,2,mastered/2DB9E18D-2497-4570-ADAF-38D9914C6358.mp3,2026-08-18 17:30:33.85472+00
9bc1a0f6-d2c8-4a99-9188-7423f67274ef,eus_for_eng,1,2,mastered/B5C8DFED-D596-4C6A-82EA-17B7BEF6C6A4.mp3,2026-08-18 17:30:33.85472+00
9c3a0135-235b-4c0f-9806-a751c31b169f,eus_for_eng,1,2,mastered/30CA69A0-FE37-435C-9367-B15AB3B8A2DD.mp3,2026-08-18 17:30:33.85472+00
9ca53fde-45b5-4237-81ca-067f4ab05aaa,eus_for_eng,1,2,mastered/6558AF1D-788C-44FD-AA27-8F12CB3F92D2.mp3,2026-08-18 17:30:33.85472+00
9ce0972e-fa8f-4691-bb48-a49ed92bbfe6,eus_for_eng,1,2,mastered/0189FA6D-09DE-4301-8BF9-2D104E371EEC.mp3,2026-08-18 17:30:33.85472+00
9d8cfb7e-8773-4c32-b9f9-e3b155ad082c,eus_for_eng,1,2,mastered/AFB5C853-4ABA-4FCA-BCF6-78B63A8E41F9.mp3,2026-08-18 17:30:33.85472+00
9e7dc373-ae3e-41ea-8ee8-5bbb7bab4664,eus_for_eng,1,2,mastered/383A4CFC-BDFB-4251-921A-0872ACE5BD01.mp3,2026-08-18 17:30:33.85472+00
9efd2830-282b-47d7-bb82-7b84d41289cf,eus_for_eng,1,2,mastered/A55B0A51-74A2-4ED9-B470-8CFA06E427D0.mp3,2026-08-18 17:30:33.85472+00
a00652f0-19b8-4e63-8a7a-732a0bc3c70e,eus_for_eng,1,2,mastered/C587D602-C0F6-4A4A-BD1F-75703FB7963B.mp3,2026-08-18 17:30:33.85472+00
a11ef22f-0fc8-48dc-98a3-af0a79aed074,eus_for_eng,1,2,mastered/651CA710-51EA-4C1C-AF81-9E690A061C3E.mp3,2026-08-18 17:30:33.85472+00
a1e7e0be-04a6-4e16-9a8d-40b80414c0eb,eus_for_eng,1,2,mastered/5FBD6F68-F9A6-4BA8-A4FD-9A1030C6C7F5.mp3,2026-08-18 17:30:33.85472+00
a1ef542b-25b7-4d3f-be26-f25688723e1b,eus_for_eng,1,2,mastered/1E0AA8F1-EF68-4880-A755-21FAC846F0D7.mp3,2026-08-18 17:30:33.85472+00
a2e968ad-2b6c-41e9-b87b-e477edabab5b,eus_for_eng,1,2,mastered/C6018295-BFEA-4F28-B81F-823C7D8D733B.mp3,2026-08-18 17:30:33.85472+00
a2f16907-ca3b-499e-be99-1dbc34083dcb,eus_for_eng,1,2,mastered/9C6B0F92-B662-4B3D-9AEA-96A92637107D.mp3,2026-08-18 17:30:33.85472+00
a3227560-71a6-4b1a-805c-5dcf2f520391,eus_for_eng,1,2,mastered/EAAB00EF-4029-4FCE-BBD2-D99061FEFC6A.mp3,2026-08-18 17:30:33.85472+00
a3ef3bcd-fec2-46cc-89cb-1dac39375eeb,eus_for_eng,1,2,mastered/EA355FD7-1967-4FC6-86FC-4892C094BBF0.mp3,2026-08-18 17:30:33.85472+00
a5ae605c-88a2-4be7-8cc4-18e488a77708,eus_for_eng,1,2,mastered/36D3529F-F972-424B-81D9-276EEAFC3DC3.mp3,2026-08-18 17:30:33.85472+00
a6a36a58-2c0a-494c-a0ef-995c4a661c10,eus_for_eng,1,2,mastered/DE9762C2-D776-46F5-8A7A-DC7F53B9759B.mp3,2026-08-18 17:30:33.85472+00
a6d5e7f6-e36d-4905-ba37-91bee8224d2a,eus_for_eng,1,2,mastered/F35247AE-0A5D-4C68-BD0D-BC3F547693C2.mp3,2026-08-18 17:30:33.85472+00
a76a3448-2e00-482e-933e-31f952bc8eda,eus_for_eng,1,2,mastered/D67B976D-1FBE-4AE9-A4B7-5B0B86F3F27C.mp3,2026-08-18 17:30:33.85472+00
a833965d-9b9f-4eca-aa37-27e1ba651ef2,eus_for_eng,1,2,mastered/2079008E-1B82-46F1-9AA1-4215A5CA2F5C.mp3,2026-08-18 17:30:33.85472+00
a89f291d-a106-495d-9c10-c9fda78fe058,eus_for_eng,1,2,mastered/2E38A047-6865-436F-AEAF-9D66811C3101.mp3,2026-08-18 17:30:33.85472+00
aa01cff8-e8f4-431d-a03b-c27fca705408,eus_for_eng,1,2,mastered/C97EE267-BCAC-405E-B21B-F330B9FD10CF.mp3,2026-08-18 17:30:33.85472+00
ab58eb93-0eff-475a-ac70-576ff699d999,eus_for_eng,1,2,mastered/E2F1B0F6-6670-4900-BABA-27B06E10C586.mp3,2026-08-18 17:30:33.85472+00
ab5f0f17-4cea-427c-bf45-7f5f43ffc8ec,eus_for_eng,1,2,mastered/4B5B1B37-1E45-4625-939B-3A84A0B4E4F2.mp3,2026-08-18 17:30:33.85472+00
ad04ed73-685f-4f28-88f1-15564cdc4771,eus_for_eng,1,2,mastered/3AEB8DC0-6F84-422E-8EDB-E125A8C2B469.mp3,2026-08-18 17:30:33.85472+00
adeb1c86-d374-4957-b263-0dee7b714f25,eus_for_eng,1,2,mastered/CF3801D0-3BE4-4D07-ABCE-19A4E377F8CE.mp3,2026-08-18 17:30:33.85472+00
adf5a3b6-27f0-4273-9dc9-affb4697283f,eus_for_eng,1,2,mastered/444FD252-0F24-401A-BD08-B3F5FE216D8B.mp3,2026-08-18 17:30:33.85472+00
aeed38c1-986c-4a74-9b36-24f3d34c5ebf,eus_for_eng,1,2,mastered/6812A145-CBA1-4C3C-91EB-7867701ECF1C.mp3,2026-08-18 17:30:33.85472+00
af3329ff-5689-417b-a926-10f643948584,eus_for_eng,1,2,mastered/B02C478F-927D-4835-90D4-46ACB304A3A7.mp3,2026-08-18 17:30:33.85472+00
b0c0cb9e-46b3-445c-8135-cb4031711361,eus_for_eng,1,2,mastered/2AAB0B25-227E-4844-B1CF-B1B8967E6CF8.mp3,2026-08-18 17:30:33.85472+00
b0e538e7-2990-4b9d-9e95-6694372068ca,eus_for_eng,1,2,mastered/5873A962-84A1-4E46-969D-70FED7BC3A81.mp3,2026-08-18 17:30:33.85472+00
b0fb06d9-4609-437b-aa31-f052bf7cfe29,eus_for_eng,1,2,mastered/5BAC4005-003C-4D9F-A6C3-0A8F0C8F62BE.mp3,2026-08-18 17:30:33.85472+00
b14cb46e-99c8-4fd4-8952-932451801031,eus_for_eng,1,2,mastered/AC677B79-8E59-4197-BE02-14354B459039.mp3,2026-08-18 17:30:33.85472+00
b183c020-d5eb-431f-93b9-a60d70ac784f,eus_for_eng,1,2,mastered/AF21B1EE-0BC0-433A-85FA-9CF042158EDE.mp3,2026-08-18 17:30:33.85472+00
b246f3e2-a21f-471f-ab74-8c0da3eb979c,eus_for_eng,1,2,mastered/F1B8CEE4-A5FB-451D-AF5C-BEF0D1940B6B.mp3,2026-08-18 17:30:33.85472+00
b2c97321-223b-4ea1-946f-9e6952f2e16b,eus_for_eng,1,2,mastered/3D333C7A-301A-4BF4-8127-36D27E46312B.mp3,2026-08-18 17:30:33.85472+00
b4986a99-b252-4df2-877d-b80cd6d26c2e,eus_for_eng,1,2,mastered/C60480ED-A118-404F-91C9-96D9E4F0F2E0.mp3,2026-08-18 17:30:33.85472+00
b4c220a8-7aa3-402e-ba75-637d04674fa3,eus_for_eng,1,2,mastered/E48FBCDD-6BE6-44D2-A1AB-0BD27B14AEA5.mp3,2026-08-18 17:30:33.85472+00
b5f41635-ee1a-43f0-a67b-95668ed842fd,eus_for_eng,1,2,mastered/A490BFA9-756D-4246-99F4-05F63586835D.mp3,2026-08-18 17:30:33.85472+00
b61b4834-2edb-4ae5-8ba0-74361d9717ab,eus_for_eng,1,2,mastered/1C242C35-B172-4D58-A32D-50F5C3116A84.mp3,2026-08-18 17:30:33.85472+00
b67b52c7-a298-4e7f-94bf-e63fec84b5bc,eus_for_eng,1,2,mastered/0B0AFA5D-48EC-4FA8-8F19-14842B5EB1CE.mp3,2026-08-18 17:30:33.85472+00
b6cdccb8-d114-4c4a-895f-5bc85df65032,eus_for_eng,1,2,mastered/73D91FB7-3622-491C-94E5-94AEB33E77C9.mp3,2026-08-18 17:30:33.85472+00
b774a670-db2f-4f7b-948f-4261d99733e8,eus_for_eng,1,2,mastered/0F661AEC-AB32-406F-9AEC-5A64894037FB.mp3,2026-08-18 17:30:33.85472+00
b79722f8-756f-4fa1-a260-c64f49356c9f,eus_for_eng,1,2,mastered/0F990E2D-2BAB-4FCA-8C57-5B308CA2CE4A.mp3,2026-08-18 17:30:33.85472+00
b7b40c9b-46ce-437c-8cf3-e8c9a66fcf84,eus_for_eng,1,2,mastered/ECDA001B-565A-4E01-809F-13441C26714E.mp3,2026-08-18 17:30:33.85472+00
b8acaa2d-b12d-4917-b6d7-2b97a7427a60,eus_for_eng,1,2,mastered/85412ABD-2814-4F45-8E30-D462389A3A2A.mp3,2026-08-18 17:30:33.85472+00
b9812fee-7645-4fa1-9608-525534b25153,eus_for_eng,1,2,mastered/A961C8CE-5553-4011-9612-49100009C628.mp3,2026-08-18 17:30:33.85472+00
ba10e6fd-fb81-440a-8465-31f361892683,eus_for_eng,1,2,mastered/3CF28010-A588-4F49-85D3-4528356C437E.mp3,2026-08-18 17:30:33.85472+00
ba65876e-7009-4681-8fea-a3f71edf507f,eus_for_eng,1,2,mastered/74D00423-C4B4-4224-B48E-166A6F22F781.mp3,2026-08-18 17:30:33.85472+00
bacbb87f-689e-47a6-9911-f566e653f9c7,eus_for_eng,1,2,mastered/F97F1A3C-368A-4A2C-8AAE-DEBFBF308959.mp3,2026-08-18 17:30:33.85472+00
bb4ba0aa-8ede-46a7-96d2-fbf5f1f9a595,eus_for_eng,1,2,mastered/1A34BB92-0DCF-4758-94C1-7C8D5DBF3AF1.mp3,2026-08-18 17:30:33.85472+00
bb6c9660-8b0b-407c-bab3-6ea5d4994a10,eus_for_eng,1,2,mastered/DBFF9711-816F-41F4-B03A-C5D6F2903685.mp3,2026-08-18 17:30:33.85472+00
bbe1c56b-8028-4a1a-9b9a-250adcb4a90c,eus_for_eng,1,2,mastered/FE0D79DD-2DB9-4A42-A77B-F73683BA259B.mp3,2026-08-18 17:30:33.85472+00
bd77e1c8-a71d-42ba-aa12-1712a63c0b09,eus_for_eng,1,2,mastered/1727E216-DF41-4DF4-9567-3FED30643348.mp3,2026-08-18 17:30:33.85472+00
bd8b993b-10c8-4ca1-aa3d-2fe27d904d22,eus_for_eng,1,2,mastered/E954E403-8509-4FE3-8DAA-D9A58753F087.mp3,2026-08-18 17:30:33.85472+00
bda3757d-c10e-4fb7-95e1-fc017ffd4287,eus_for_eng,1,2,mastered/96270C69-FBB4-4193-B741-9577FE8E7975.mp3,2026-08-18 17:30:33.85472+00
be754bca-4b52-477e-91b5-2961f0a75f33,eus_for_eng,1,2,mastered/3BE9AA9F-6E50-4178-8FA2-2EE686D47B17.mp3,2026-08-18 17:30:33.85472+00
be9d159d-1ffd-4a76-9fe9-4460410bd046,eus_for_eng,1,2,mastered/095AB959-C752-41EC-8D39-CB505936C27B.mp3,2026-08-18 17:30:33.85472+00
bef6d9bf-a32f-4d32-98b9-a5bb94b36f61,eus_for_eng,1,2,mastered/92495106-A5C6-405B-9FE7-CD561A0A2B5F.mp3,2026-08-18 17:30:33.85472+00
bf0b9846-980f-41ec-bd2e-df529b387221,eus_for_eng,1,2,mastered/05EB6798-F7E1-42AC-AA68-9C3BE691DA55.mp3,2026-08-18 17:30:33.85472+00
bf9db9e5-f50f-4f6e-9e8c-f4a1ffd9c54b,eus_for_eng,1,2,mastered/287FA384-3AA7-4FCC-824E-F409A254C9DE.mp3,2026-08-18 17:30:33.85472+00
c217d55c-89cf-41af-a43b-2d44c8f24a95,eus_for_eng,1,2,mastered/F4D84798-7F31-439F-A149-7261C2876153.mp3,2026-08-18 17:30:33.85472+00
c2603329-01ed-4344-85c9-edde0420b201,eus_for_eng,1,2,mastered/B5C433A4-4470-4051-942B-F5B463AE58E2.mp3,2026-08-18 17:30:33.85472+00
c2bca5e6-545a-4faa-b4fa-0d2cd687bb6c,eus_for_eng,1,2,mastered/C8997379-5E16-4C9C-B015-8151993C5D87.mp3,2026-08-18 17:30:33.85472+00
c310cf76-13ae-415b-b57f-98d7ec9b31d2,eus_for_eng,1,2,mastered/D8F345D4-6A8A-4652-9402-998AA0204455.mp3,2026-08-18 17:30:33.85472+00
c31f4454-6bda-4fb9-97cf-7fea0c92ea72,eus_for_eng,1,2,mastered/EC63E0AD-6AF4-4B96-8926-BAEF6011E475.mp3,2026-08-18 17:30:33.85472+00
c3a718f9-eb4a-49f5-930f-084d6893bab9,eus_for_eng,1,2,mastered/E239E5DD-46C9-4E6D-ADF9-421E7B7C3705.mp3,2026-08-18 17:30:33.85472+00
c43378a6-4cb1-4988-a00c-965428c19f1b,eus_for_eng,1,2,mastered/1D4E03FC-BFCC-4880-9CB7-76FBF2B4804B.mp3,2026-08-18 17:30:33.85472+00
c6447d88-6f1c-40fe-97ca-120a01511563,eus_for_eng,1,2,mastered/5A2FD961-21E3-407B-867A-F918F789C592.mp3,2026-08-18 17:30:33.85472+00
c71c1cf2-7c7e-4ddc-8831-0157a63d265b,eus_for_eng,1,2,mastered/E9081230-7ED9-4D86-8BAA-E0C097047FBB.mp3,2026-08-18 17:30:33.85472+00
c76b3d20-0a0a-4fe6-82f7-0f8784b38792,eus_for_eng,1,2,mastered/EA613C2D-3140-466E-A718-A4DFBE81161C.mp3,2026-08-18 17:30:33.85472+00
c79fd0f2-a070-4b3a-a612-eea5916e46b8,eus_for_eng,1,2,mastered/EB24971C-73B9-4462-89E7-70584E771461.mp3,2026-08-18 17:30:33.85472+00
c8d9e7d6-3bd9-44c1-b190-d3f7ff635b40,eus_for_eng,1,2,mastered/23A27034-8CD0-405B-9133-4B9BE54B272F.mp3,2026-08-18 17:30:33.85472+00
c91c7b61-69a5-448d-a376-f2edd0adc00f,eus_for_eng,1,2,mastered/0C45C4EE-6275-4DC6-9212-54EB007BE14D.mp3,2026-08-18 17:30:33.85472+00
c978597f-1204-4c11-9470-465c12655ae8,eus_for_eng,1,2,mastered/F69C81FD-B289-4843-9E9E-26E82B0A1C40.mp3,2026-08-18 17:30:33.85472+00
c9cc4064-a25f-4025-a07b-31ae67868912,eus_for_eng,1,2,mastered/9F607E85-5892-4885-90EE-E1F5995E3829.mp3,2026-08-18 17:30:33.85472+00
ca2ecd50-695c-4679-bdd9-14878ed07572,eus_for_eng,1,2,mastered/5AE114B6-5059-47AB-B6B1-EEF3C81E7B09.mp3,2026-08-18 17:30:33.85472+00
caf05443-c5d2-47e4-84dc-0862f0de6a97,eus_for_eng,1,2,mastered/9A6C855B-3F5A-4E96-BEF6-18C887C651CF.mp3,2026-08-18 17:30:33.85472+00
cb0d6814-efbf-4a4b-8936-2cd7937d3829,eus_for_eng,1,2,mastered/737DD5CD-B87F-4D11-9A39-95E83A9562B1.mp3,2026-08-18 17:30:33.85472+00
cc054cde-65eb-4bbc-8e60-4b5ea354199f,eus_for_eng,1,2,mastered/3EC016A1-6FF0-4E02-A703-8A4A1FE754D5.mp3,2026-08-18 17:30:33.85472+00
cde34ef6-f14c-4f72-aedc-da3d78a2dc3a,eus_for_eng,1,2,mastered/7A36F742-E843-4B6A-A5DC-5C0AF0518A07.mp3,2026-08-18 17:30:33.85472+00
ce089d48-8f73-43e1-abe9-9e0153a308a8,eus_for_eng,1,2,mastered/28744099-9A5F-4F13-9321-BEC42FDAD3C4.mp3,2026-08-18 17:30:33.85472+00
cebd4a81-473e-492a-a313-45654a2a734c,eus_for_eng,1,2,mastered/99C33FF5-B95A-4C8C-804B-77C4507A4177.mp3,2026-08-18 17:30:33.85472+00
ceed0b81-1169-4cef-9102-3ca3531919f3,eus_for_eng,1,2,mastered/C437283F-B16B-49ED-8B86-4CFC84B0800D.mp3,2026-08-18 17:30:33.85472+00
cef6882a-31b6-4c75-b69d-d7103f5f3b6c,eus_for_eng,1,2,mastered/F22F0393-AEA1-4866-A1D3-D6E0685EBEF5.mp3,2026-08-18 17:30:33.85472+00
cf17f1dd-ace3-440b-ab64-988550fc054b,eus_for_eng,1,2,mastered/7E6F4533-C5D8-42C2-AFF3-3618B3B36EDB.mp3,2026-08-18 17:30:33.85472+00
d081361a-bbca-485d-a4d1-2f47505dde26,eus_for_eng,1,2,mastered/CDDFCA7E-FAEB-4B5A-AA8C-8B5816DC544B.mp3,2026-08-18 17:30:33.85472+00
d0b648ae-1556-402e-89f6-48e1c6ea19c0,eus_for_eng,1,2,mastered/03B27F2C-DB1C-4667-B1AC-F5EDAE3C384F.mp3,2026-08-18 17:30:33.85472+00
d0e2c00a-ec1d-42d5-a677-b88e006496e3,eus_for_eng,1,2,mastered/26EBB047-F412-4B7C-9DB2-CA3C65832E42.mp3,2026-08-18 17:30:33.85472+00
d24ea99a-34ad-47e4-a765-e53179a2b736,eus_for_eng,1,2,mastered/4F69DD6C-E1A3-4144-B462-2CB7598BA6CC.mp3,2026-08-18 17:30:33.85472+00
d2699de7-8b88-4b91-bd1e-eb8e98a3e410,eus_for_eng,1,2,mastered/B52EA3AC-4CCD-43BF-82F6-3C3AD88EF1B2.mp3,2026-08-18 17:30:33.85472+00
d2e1dda4-1a3a-47f4-a7ed-bad283aac2c3,eus_for_eng,1,2,mastered/0F5D2FBD-25EF-4030-94CA-4E87D82FB011.mp3,2026-08-18 17:30:33.85472+00
d6f79dab-0ad6-4204-b668-203bc23422ca,eus_for_eng,1,2,mastered/E1894F0B-71FA-4186-B4E8-AACDF7EF53C2.mp3,2026-08-18 17:30:33.85472+00
d727d43d-8f0b-4bae-99ad-59c320e66f0f,eus_for_eng,1,2,mastered/4DDBB5E7-617E-4367-81FD-35B5B5E76F9B.mp3,2026-08-18 17:30:33.85472+00
da647d3a-a8b0-4d53-98a0-27a1a43f496d,eus_for_eng,1,2,mastered/667F40FC-E911-426C-B344-31DA3A9F052E.mp3,2026-08-18 17:30:33.85472+00
db20665e-c7a0-47ac-bd98-b61d96ec7c6b,eus_for_eng,1,2,mastered/94E57C0F-9405-4B4A-996B-A820C3B4559F.mp3,2026-08-18 17:30:33.85472+00
dc2c71b6-72d9-4147-928f-899ab539d989,eus_for_eng,1,2,mastered/571290C4-9D6F-4884-932C-4C06D4099DAD.mp3,2026-08-18 17:30:33.85472+00
ded336ff-9aec-4eb7-a1d5-8e10940ff616,eus_for_eng,1,2,mastered/8BCD435C-946F-4D02-BF98-2D02F40F43C4.mp3,2026-08-18 17:30:33.85472+00
e00f29c3-515b-492b-9985-57c515097335,eus_for_eng,1,2,mastered/BA40253D-C135-4F8F-8338-EFAA6A2403A0.mp3,2026-08-18 17:30:33.85472+00
e05b121e-a60d-43e0-b388-29d7f873e2e8,eus_for_eng,1,2,mastered/9B7F6A32-C5F7-4A4C-BC1B-AA41EF9B560A.mp3,2026-08-18 17:30:33.85472+00
e07a1b84-f4a6-4e66-83c3-104ab0960f9e,eus_for_eng,1,2,mastered/7A7198A2-F20D-4F11-B741-D8D08488AECC.mp3,2026-08-18 17:30:33.85472+00
e0b4338d-4820-492d-8904-abbf4fef45c6,eus_for_eng,1,2,mastered/C0CAD721-9783-4516-9103-E67A447529A9.mp3,2026-08-18 17:30:33.85472+00
e2071c6e-3262-4ce5-818e-ddf58e2f499b,eus_for_eng,1,2,mastered/8A1845E4-1650-4FF9-81C8-241674AE40DE.mp3,2026-08-18 17:30:33.85472+00
e2fff3bc-e504-439d-984e-2c3beb5a6c0d,eus_for_eng,1,2,mastered/39B93FE4-1145-4FB9-94DF-162BF3AF8519.mp3,2026-08-18 17:30:33.85472+00
e3a4d966-bd5a-4230-b7b1-26577a2909e9,eus_for_eng,1,2,mastered/FB8D1D46-BE3E-4881-8A3C-57CD7065E89D.mp3,2026-08-18 17:30:33.85472+00
e4157413-b9fc-46aa-b1d9-2dd8c966fd58,eus_for_eng,1,2,mastered/6E6C52FD-6836-4065-95D1-F40B2D69A38F.mp3,2026-08-18 17:30:33.85472+00
e5934107-80ee-4b83-b0a4-0c6e80b67bb0,eus_for_eng,1,2,mastered/4725CC01-FDC1-430C-8E18-8FAA88B8D436.mp3,2026-08-18 17:30:33.85472+00
e5e3b8f5-e9ea-4d56-ada5-2b9a8948e0b3,eus_for_eng,1,2,mastered/1A665ABD-E742-4015-87B8-A9741E93EBFD.mp3,2026-08-18 17:30:33.85472+00
e6381bf4-362c-4509-9096-fa038140d59d,eus_for_eng,1,2,mastered/B481B5B3-6066-4FEF-9548-86D6C5E9C973.mp3,2026-08-18 17:30:33.85472+00
e7840d7d-14ef-4c92-ad65-ea18def7bb2c,eus_for_eng,1,2,mastered/9083D51F-9580-4A8F-8FE3-CB944DCAD8D7.mp3,2026-08-18 17:30:33.85472+00
e824a42c-4d85-4612-89dd-3dc65adfa673,eus_for_eng,1,2,mastered/CEC17860-D02A-44C8-847B-3445260006F0.mp3,2026-08-18 17:30:33.85472+00
e8d3b801-91e1-4752-a0e8-b4396988412d,eus_for_eng,1,2,mastered/4E0A8A5A-EDE6-43DD-9A84-CA0ECE4759DE.mp3,2026-08-18 17:30:33.85472+00
e9790a56-bf8b-494a-9752-0d69c7884f64,eus_for_eng,1,2,mastered/C51CF136-6FFB-4B6A-9938-BA333FDB43F8.mp3,2026-08-18 17:30:33.85472+00
e9b13535-177c-45b1-a478-feb710b2d734,eus_for_eng,1,2,mastered/AF8CEC4D-A448-4605-A889-A0290FF1A956.mp3,2026-08-18 17:30:33.85472+00
e9bece1d-4bad-41d5-8cfe-f76fb8305838,eus_for_eng,1,2,mastered/D832CBF5-48E8-4AE4-96F9-12373717355C.mp3,2026-08-18 17:30:33.85472+00
ea360ac0-0d5a-4c15-b0bf-4855fc9920b5,eus_for_eng,1,2,mastered/D1AFA51A-B95A-44C0-A904-59F2E64366F5.mp3,2026-08-18 17:30:33.85472+00
eda56d58-5280-4df9-9289-1e618c4b81a5,eus_for_eng,1,2,mastered/7DBA9355-1F84-4CF5-98F3-74B8990DF167.mp3,2026-08-18 17:30:33.85472+00
ee5fa5f5-38ec-424f-8ba6-080c51f51534,eus_for_eng,1,2,mastered/F4A93AB1-0936-4E84-999E-5D40DEFE0A32.mp3,2026-08-18 17:30:33.85472+00
ef4110dc-a704-47ce-922c-6218849bcd19,eus_for_eng,1,2,mastered/A0B1A39E-6290-44BD-8364-3724EE8C11CE.mp3,2026-08-18 17:30:33.85472+00
f0069355-dc54-4a86-8d74-0383360565af,eus_for_eng,1,2,mastered/A874F4BC-DB92-465E-A85E-310123FAEC37.mp3,2026-08-18 17:30:33.85472+00
f02ff3fc-2ae5-494d-9bde-54cd7e8e0300,eus_for_eng,1,2,mastered/0C251F57-8866-4106-B1FF-794C7FE817F5.mp3,2026-08-18 17:30:33.85472+00
f057b1be-9e86-448c-ae84-54b54185c4ac,eus_for_eng,1,2,mastered/B3EA6C86-48F5-49BE-BB02-E11DC7296E56.mp3,2026-08-18 17:30:33.85472+00
f09a459d-6481-4add-b7eb-3eb3612a84a1,eus_for_eng,1,2,mastered/B0C41C73-AD12-40E0-BE25-C954B7E28FA7.mp3,2026-08-18 17:30:33.85472+00
f1fe6f77-e53f-466f-ac2c-02ed1c2f49bd,eus_for_eng,1,2,mastered/BB803CF2-8EA9-4D87-AC0D-A98BD17BE0C8.mp3,2026-08-18 17:30:33.85472+00
f442f767-cf03-4836-8e2f-f5702b84ac36,eus_for_eng,1,2,mastered/2CEB5D5E-AC5E-4292-96BD-4714744AB313.mp3,2026-08-18 17:30:33.85472+00
f56d09f6-3ff6-4154-ad11-c9c5de3c998a,eus_for_eng,1,2,mastered/1E223402-922B-4E84-87DB-5646040751D0.mp3,2026-08-18 17:30:33.85472+00
f68b557c-c717-4353-af82-6b78faa6f765,eus_for_eng,1,2,mastered/0349E6CE-CBE0-43B4-9176-8D45AC2A63E5.mp3,2026-08-18 17:30:33.85472+00
f7b2d471-7de4-4d5e-91d5-bd3ce4381e27,eus_for_eng,1,2,mastered/A68FDC63-D7E8-4946-8683-CFA5CD8537F8.mp3,2026-08-18 17:30:33.85472+00
fa39f28a-19d6-4815-9683-30611490a4b8,eus_for_eng,1,2,mastered/9F236055-533D-4F8F-84C3-662B67CED67A.mp3,2026-08-18 17:30:33.85472+00
fb1a2547-e4c4-4985-b9db-320fe274f9cc,eus_for_eng,1,2,mastered/89E44D61-9E49-4649-B922-803E47A30FBE.mp3,2026-08-18 17:30:33.85472+00
fbb0aed7-2665-4ee6-8068-e79b21493ad0,eus_for_eng,1,2,mastered/11915547-FA18-4A1D-8027-F140128552B5.mp3,2026-08-18 17:30:33.85472+00
fbc154dd-ad24-4449-a3f6-6631442eb2e3,eus_for_eng,1,2,mastered/68641E76-35BD-4761-8714-90C572987378.mp3,2026-08-18 17:30:33.85472+00
fc67c411-2a75-4708-92e3-72993ac5c6a1,eus_for_eng,1,2,mastered/09DF4697-59DB-4B40-B74D-6CABAA3DBA3E.mp3,2026-08-18 17:30:33.85472+00
fca45c69-8b55-416d-9310-7a06e5b7849c,eus_for_eng,1,2,mastered/4D62C8F6-C2A8-4FAB-B1F6-CF90C43788E7.mp3,2026-08-18 17:30:33.85472+00
fcb724fd-91a0-43a3-897a-814ad26dc79d,eus_for_eng,1,2,mastered/017BBF6B-E0DE-41F0-BBFD-FAC9188EAAF8.mp3,2026-08-18 17:30:33.85472+00
fcfaf7de-0619-4276-b3ac-bd7ed3570a78,eus_for_eng,1,2,mastered/84A90ECD-8E1F-4DAC-9A19-665C24CD37CD.mp3,2026-08-18 17:30:33.85472+00
feab326c-34f2-4cff-9802-d0371fe29975,eus_for_eng,1,2,mastered/6D6B338E-9086-44E8-95FF-0E4AD1649C1A.mp3,2026-08-18 17:30:33.85472+00
fef83127-aec0-4293-af4f-5c7f1d084299,eus_for_eng,1,2,mastered/86B1B448-E9E4-466A-B817-119A5EAE2AA9.mp3,2026-08-18 17:30:33.85472+00
ff1f3bb0-dadc-4005-a333-96538a3c62ff,eus_for_eng,1,2,mastered/21C31F5D-05EE-4962-9F57-F465AF25B2C2.mp3,2026-08-18 17:30:33.85472+00
ffccd2b9-b7d9-470c-9cac-69a214bd4917,eus_for_eng,1,2,mastered/7D9CEBE4-4880-430B-8D6C-39F1DF4A9FD1.mp3,2026-08-18 17:30:33.85472+00
ffeab5c5-e256-42cc-8c4c-b9e1e49527da,eus_for_eng,1,2,mastered/81E680D6-0AF1-4E40-B4E3-CFAC6BB6FF53.mp3,2026-08-18 17:30:33.85472+00
