come se fossi pronto	come se fossi pronta
come se fossi pronto a parlare	come se fossi pronta a parlare
come se fossi pronto a fare una conversazione	come se fossi pronta a fare una conversazione
come se non fossi pronto a fare una conversazione	come se non fossi pronta a fare una conversazione
non sono andato	non sono andata
non sono andato da nessuna parte ieri	non sono andata da nessuna parte ieri
non sono andato a vedere il film	non sono andata a vedere il film
non sono andato da nessuna parte con lei	non sono andata da nessuna parte con lei
volevo andare da qualche parte ma non sono andato da nessuna parte	volevo andare da qualche parte ma non sono andata da nessuna parte
non sono sicuro che stia andando bene, signore	non sono sicura che stia andando bene, signore
sono sicuro che è preoccupata per l'economia	sono sicura che è preoccupata per l'economia
sarei stato	sarei stata
sarei stato felice di guidare oggi	sarei stata felice di guidare oggi
sarei stato felice di guidare di nuovo	sarei stata felice di guidare di nuovo
sarei stato felice di guidare con te	sarei stata felice di guidare con te
sarei stato felice di guidare sabato	sarei stata felice di guidare sabato
sarei stato felice di guidare fino a casa	sarei stata felice di guidare fino a casa
penso che sarei stato felice di guidare	penso che sarei stata felice di guidare
certo che sarei stato felice di guidare	certo che sarei stata felice di guidare
