1	1	1	Neighbour (8 am)	6ee0944e54db0524ecde74e6c629de1b
1	2	2	Sarah	aa26f2a183c4e0e6ed68f15e08ffe05a
1	3	3	Neighbour	cc464cfe2d26532c0418f4836ee5ebb5
1	4	4	Sarah	35b94c213869adfc71dedf98d510b4a8
2	1	5	Sarah	1ebc5a6271df1e0684e2e7b9c41bb18b
2	2	6	Passenger	5e5d8b3c6f8bc430e1479d0777a768e2
2	3	7	Sarah	10902ecda3dc2372dc9cf570f2c80a9b
2	4	8	Sarah	1fb41845d0728f8c10727a8ce966c6f9
2	5	9	Passenger	7c8caa73ae0269729cf079b955fa2489
3	1	10	Barista (3 pm)	129b85d1178d6f963422c4224881b233
3	2	11	Sarah	9e08c222b5d1a39384a1b5fddfbf25ea
3	3	12	Sarah	6885fc15633ab4b868aa5151e79d7186
3	4	13	Sarah	a60b2d126f8c7ff9ac38fbfa4364cb1c
3	5	14	Sarah	31d093097e4bfea2a6dd0ab4c22a6b15
3	6	15	Barista	f031182f541a00bfb1a31493235217b1
3	7	16	Barista	ef43722ddbda655542b7cdb02bb936b6
3	8	17	Sarah	cbf8659af4f5ca4c927d141bfe3faded
3	9	18	Barista	6f61d97ffddb4a91e45afc5f67e73c69
3	10	19	Sarah	54cf197a5697f647ff03a2b52745b533
4	1	20	Friend (7 pm)	de62d7bb305c2be6a133ea17a0af37b1
4	2	21	Sarah	01495caf915e2d5c88205615c813d856
4	3	22	Friend	6c683c3f18a71bc5a60a51245f7ea8e3
5	1	23	Neighbour (10:30 pm)	139e47766b4ab1bc6c2e30d8275d570d
5	2	24	Sarah	5a620928d6e45913a894808d7501ec80
6	1	25	James	b37cd01c3b7738424f852aea2063a505
6	2	26	Anna	b214d1387a552e4c9be132984796bcc1
6	3	27	James	085e3c08f2ffecfb23cbb422d831688a
6	4	28	Anna	0639e512b88fa8fcaebd5b9666928c7c
6	5	29	James	79426185551098a662d1143e775cea18
6	6	30	Anna	755656594f1fed66195e576bafc459ce
6	7	31	James	19d2869419a133d649ed42141a675cc0
6	8	32	Anna	9ebc765a5bc5d2479243dede501bd3a0
6	9	33	James	67821e2a45656cec1c773efb6cdc40eb
6	10	34	Anna	9611b73d7680bf9a3b5637d7685e689c
6	11	35	James	5f34e333ac660776c7b01f074b5e1871
6	12	36	Anna	7c9e94e54ff783200c75ad1afddf413b
6	13	37	Narrator	a9df7ad4db2e1971fb021f5644e1d0ed
7	1	38	Barista	cbc2167ecf008fb033b5ac98aa1b364b
7	2	39	Customer 1	501783348c585c978802f4fdc48329f4
7	3	40	Barista	7ac946487706bc9ebf9c41d16197e6de
7	4	41	Customer 1	56d632d7eac284ed7db82ac6573a506e
7	5	42	Barista	45787a9f76a00ef648b4e54a736ed6b5
7	6	43	Customer 1	c43ecbf12526a32e59d7eda3876fb7d4
7	7	44	Customer 2	ce4240fcb8bb7b3e0431cc6ea45df5d2
7	8	45	Barista	92b16311b9402c95a838d93fb1501a31
7	9	46	Customer 2	0ad80a8eecd77a5db88121c57e75b9bf
7	10	47	Barista	2de61305988afb0d32d84b087e36cd48
7	11	48	Customer 2	83f6d2006a0205d1f04f37ad2cdb4223
7	12	49	Barista	f4707ef64079b9bd3120486cd8cd1da6
7	13	50	Customer 3	440747e4c5a705e28463a93bdb2355ba
7	14	51	Barista	e53c40e2fc9be5922a1f67265e084b06
7	15	52	Narrator	e2fd9610c4c8e82a1f7efcfc3206ffea
8	1	53	Bartender	95e5cc8503c5b06fc599d942c1b95aba
8	2	54	Customer 1	59d9c371c00f5aa6e9263c08a30a42b2
8	3	55	Bartender	4930a264ba1351fc1f2be2eeb0503e43
8	4	56	Customer 1	1fb2b2c11bb3d11e65e41029d3da1abd
8	5	57	Customer 2	64e908148bb806be4c5b82b6cd67f3cc
8	6	58	Customer 3	5705209f2f526bf4a4e906fdff5e8666
8	7	59	Bartender	463cfc4e55bd3de5f4c5f6998798c8ff
8	8	60	Customer 3	1caace2cdd8542fe8ae296efab852317
8	9	61	Customer 1	52bff53cb70f6415f72fa87fdc38b652
8	10	62	Customer 2	913165018eb8739a5a0f0613c937fc94
8	11	63	Bartender	cb7282d0097a8ca0c2d2839f0095852d
8	12	64	Customer 1	54cb51c8fb37ecd2e04ce14848f2444d
8	13	65	Bartender	3feeb7bb1aa528b75366afe8ec9bfa2e
8	14	66	Customer 1	db93cc48e1c5ade124d2f44fe0a847be
8	15	67	Customer 2	423abcaa566f0bf44715381b375bf04e
8	16	68	Narrator	9c0bcc5415e835cbe990d35954130c8b
9	1	69	Customer 1	f47c0ccfc3f79c83d8dbb18e994935a5
9	2	70	Waiter	718e6f797347b8fd4b3f45a6622a4446
9	3	71	Waiter	aecedd04a4e5cf7a1cd5b5239e80ae9c
9	4	72	Customer 2	91ae74f00f07601e9babaa242c7a5d36
9	5	73	Customer 1	ea78ed82157a414c5169aef49b3b477e
9	6	74	Waiter	a86c30a79c6077cce89f3534133f9c30
9	7	75	Customer 1	08f808be58b2d99c383869f4bd2b9e5f
9	8	76	Waiter	63b23d49d9cc4cbfcd2e579d529fafa9
9	9	77	Customer 1	06214f9b4ac4ad391f2d5ea78b71cde7
9	10	78	Customer 2	9581444710a2c46fbe4893e417a9fa3d
9	11	79	Waiter	60358de534ece5a38b06fd63bc1f3b38
9	12	80	Customer 1	98f46984f350be53caf0d8042b08fb4d
9	13	81	Customer 2	4e89e1708e54fa14e52a5316232da8c5
9	14	82	Waiter	4d3da2ee5e65d6f8789ba8a5e3aa642c
9	15	83	Waiter	de28fcf5d0a220f3654a7d2910a5b135
9	16	84	Customer 1	40123960824b4440b27f97076b2993df
9	17	85	Customer 2	1b6b76e0bdc8953ab878905b8cc52df9
9	18	86	Narrator	418fc34f8a619847c1ec0523c838a8a7
10	1	87	Customer	136151eba56ff0f31b5d130954df5f15
10	2	88	Assistant	e4cbe079c0dcc535e9cd8aaef51c9797
10	3	89	Customer	93693bd14a65a0bf93904aa6a6980234
10	4	90	Assistant	d0f2cb73e1e5371d15cfeb2681bae7c5
10	5	91	Customer	f1aa603fd2b80fab9a0764ddba8ba5da
10	6	92	Assistant	27b11b3461c2c22a832ac7a15cc39f15
10	7	93	Customer	1d40abee6285888e49c74dfb5bcf9927
10	8	94	Assistant	f6f3b3d1790d7d1da40411f46cad88bd
10	9	95	Customer	d7610e5be16741bd79530f20154c280a
10	10	96	Narrator	88c1ab6fdafe008af86fe0b06f4c841b
11	1	97	Guest	cc55707d7078fc7aa2cb496d4ff3f91e
11	2	98	Receptionist	f686f5ac142a24984957aaa44464e88f
11	3	99	Guest	ec7626acc5bc14df9335862c416ea34f
11	4	100	Receptionist	552df0d976f1a2d84d4af72d95e5b59a
11	5	101	Guest	7b0407dc87cc2c4961a945606a5eadc4
11	6	102	Receptionist	bb3123fdb334f284bcb1af62f7f238e7
11	7	103	Guest	225256efd81262ffe2b947381a8cf080
11	8	104	Receptionist	7361204e12235a4165e525c8993dc914
11	9	105	Guest	4c3bd72192248f3b689ac3bdb789ac2c
11	10	106	Receptionist	0598c0d2d13ded214ea462b251a0d013
11	11	107	Guest	77bb11ec8afd06d6b134f6f69df41802
11	12	108	Receptionist	84e3ae341108982767642713c846233a
11	13	109	Narrator	a039db0b2a75b9ef42c456afbf08acb2
12	1	110	Customer	2e0c0d4948556b0a6de58e3ddc21395d
12	2	111	Pharmacist	64b835aa122947a9ec0e4602f081f977
12	3	112	Customer	ffc7160bc08caa75a27c0e47e6829382
12	4	113	Pharmacist	48bcf2e67a7019da71d9e7c0f7c92a44
12	5	114	Customer	599ac705b6e160bfafeca6ee3ff9c0b7
12	6	115	Pharmacist	e592ec2ece61a026f44312af940f04ab
12	7	116	Customer	ac82c32fe908849dd80acbc6a9b1fe4e
12	8	117	Pharmacist	f0be03f62fc608c755238e341759c65c
12	9	118	Customer	e42037889344d661179702232365b051
12	10	119	Narrator	7356639b43b69fb452e712e88ca612ea
13	1	120	Tourist	daca79f72d2e3ffc8ed3cf8c833b5595
13	2	121	Local	7c12a65de20b42e05db3777842ff80cb
13	3	122	Tourist	444f9aa0aa56ed882191729a3c3fe78e
13	4	123	Local	7528fc391ebf65dd55f321c7dbb62608
13	5	124	Local	ed54becb0e49e16df83cc60466efa8d2
13	6	125	Tourist	225eb9e5c0f9d0b57652f113e937f8e5
13	7	126	Local	7195a8c13810d9b9853c3c211f616a9e
13	8	127	Tourist	9c909612cff0b9fb58decf8506cb50db
13	9	128	Local	759bd7d3204fa55d3e3b463340506aa2
13	10	129	Tourist	d84dc29ab18369e040cfb3b3899f2394
13	11	130	Narrator	4ff53b91110304c96b46805771c7f4aa
14	1	131	Passenger	c58ec5f5bbb7c695c418f6b4ea356da1
14	2	132	Driver	27652fc6bc26f1807c076c5dc3969133
14	3	133	Passenger	a4e86846455e65cdebe8cc6e028ec556
14	4	134	Driver	39d0ed883ef886cb909f83a13c8b51bf
14	5	135	Passenger	f33af4b471e77de0eee25686f789cab5
14	6	136	Driver	dcad5fc92e5bfad25efde3fd1acf1dee
14	7	137	Driver	50f60b36ab55c687d9418741fdbef5b1
14	8	138	Passenger	bd0f8de5afca3e57a99b1f58619dc6c9
14	9	139	Driver	9bbc74c3fab1a78c5d2faffeef46810f
14	10	140	Narrator	55c9f6473f40cdb17d4d7ab4409a232b
15	1	141	Learner	913bb5faa544c775b1fd10a63c47dbc3
15	2	142	Learner	a09180b6842fda593edc9e60043a5a0a
15	3	143	Learner	af1da60e13065be4a6990b5e69892926
15	4	144	Learner	47f8bf53caeeded147506c90240992b5
15	5	145	Learner	a8eea28a3fa662b1ea97dfb76e81a785
15	6	146	Learner	e35e0984619771f391c8df3d2f8dad1c
15	7	147	Learner	376104b5c665287b33a4b3df71fb361b
15	8	148	Learner	0b3bff8c3cbd4993240fec74a9511cef
15	9	149	Learner	f56a6fa0342d93687c324258b7196cd5
15	10	150	Learner	9a86f7902fbd2894a9f4603da2f7ec9f
15	11	151	Narrator	eba1245daf0d65cc1d6160ccf05bcab7
16	1	152	Learner	9eafb4da0eef364b90375b55537d25bb
16	2	153	Learner	b3b90f8f5c48e9ab512dc566324ed037
16	3	154	Learner	63d80cfa06344b7d9f4045b7fba0cb9f
16	4	155	Learner	1077817e87520a09a8a2abc0190c9997
16	5	156	Learner	875936a84ce3549b311ad51323c3ac94
16	6	157	Learner	2eacc883d508a1f175c2f2d0f3d324e4
16	7	158	Learner	aa2623f2438db26bfc289ac08d18c9a8
16	8	159	Learner	65a2bf309c72a368908ff228b43e5c12
16	9	160	Learner	9650460a658b8f5dd8a906f1782c3f5c
16	10	161	Learner	6f81b411447233cc4554546d3485e6e5
16	11	162	Narrator	91f7b0696c7c0fc707420471e844af02
17	1	163	Learner	3f918556b4706fc38a4f66b38ee11e93
17	2	164	Learner	b89bf636041965ef6e44581a0e66405b
17	3	165	Learner	b2e9e73da95ff8e534a2c05be54469f1
17	4	166	Learner	ee1a2848e1d6e5a016074ba8e5f9df67
17	5	167	Learner	a2ac474dcab961749b90674a53304753
17	6	168	Learner	218566fe0117cad5e42b24674ac59854
17	7	169	Learner	6f23d3e4fbf9fb84eadce090d6e21e0b
17	8	170	Learner	89d84b38c76d0c63271993c96159335c
17	9	171	Learner	60f59d8aa7095fbf4d63419a67291235
17	10	172	Learner	cb2b984f6c5a6652552f5a52433e9043
17	11	173	Narrator	e9b4223aa4445b27cd280248acac1ce9
18	1	174	Learner	200c3546a879a0ce8458e37ec1dea3f3
18	2	175	Learner	29a9cbbfaa50d8b1fba17c8ddf1af426
18	3	176	Learner	a15f9ace48459a3c4e3c4d737c41f653
18	4	177	Learner	1f1e50ef6f5759e0685d415825edfff4
18	5	178	Learner	bf2a03f0a7f78a5b14c9039a057ea050
18	6	179	Learner	ead58d7143eb35c36f5b78aa7009c68b
18	7	180	Learner	d1d15242deb8a3a7bf0fae7c42c0a47a
18	8	181	Learner	deec3ef222041f80b3b966f9b6c515c1
18	9	182	Learner	5c40a0c454e9a7788820e3cce62aeda2
18	10	183	Learner	ea174e84d89f9dce1d8ddc975990cf28
18	11	184	Narrator	4ae156b07d9bd5fae88713471a19e018
19	1	185	Learner	7c15f463d5f03199782a2b1f30c3c846
19	2	186	Learner	c8f053172ea3fa290e676bc9cde75458
19	3	187	Learner	4140109bcdedb65463d59334e5e425f0
19	4	188	Learner	9e29640615f6f87aeff81f4e6c5b53bf
19	5	189	Learner	84fc461be123eda48d5bf41b0d1a0f73
19	6	190	Learner	5263aa615a62dd65c071d15ead5cfb6f
19	7	191	Learner	ac3e999e4f5bae18ce949597989cf25d
19	8	192	Learner	db14e1d9c46d468ce0c2a1942c9e5547
19	9	193	Learner	b4d53d399c40313615294a5dbc3ad920
19	10	194	Learner	380dc3308d4281d833de8337be86c632
19	11	195	Narrator	e1d859ceca82f3a29e9f5d6896683d70
20	1	196	Learner	a53e1713be20c3a621f4e8a3f6579843
20	2	197	Learner	60ad360bce4d369112c2efa49f353165
20	3	198	Learner	c26678bd3218eaa94031c1fcfdc92338
20	4	199	Learner	9f47f8766713f4c48173ed805c447f66
20	5	200	Learner	2b6b87c53a652020c2650090c91f7040
20	6	201	Learner	c9596a3f82692ecbe36422e38d488d64
20	7	202	Learner	c61460556c733cd480ba0b2038b17bce
20	8	203	Learner	251c226f2b72c6638554a1826535bdf3
20	9	204	Learner	2badaa9753a0c2d89b8f7fc048141886
20	10	205	Learner	39a4a36539151c49ff0aea2901d6e46c
20	11	206	Narrator	b00aa4bbb11b7c5b8a41297fedf164e4
21	1	207	Learner	31883c238e38aa97c19879601c538da8
21	2	208	Learner	9c9b76e67042fad2983f6f9bb337bc11
21	3	209	Learner	fc2e6722bb0d2092c14338f4bc961cbc
21	4	210	Learner	6a301630a41e5723851c6251001c9cc4
21	5	211	Learner	69c80eebef962f3c3eeed4411205993d
21	6	212	Learner	e687907c0087a79ee8305dd114fa50ea
21	7	213	Learner	8e4d431911a139dc828de7241d404d22
21	8	214	Learner	11ea5656b70267c62d122e06d3f25ef2
21	9	215	Learner	f7a808574ea1968957fdacd409e5e52e
21	10	216	Learner	8f5bd996aacf8dd34f3367288430eebf
21	11	217	Learner	02cff8540cce3fccea77fea5e2829615
21	12	218	Learner	a0065434b80f7195e6738e99841ac35a
21	13	219	Learner	834c571189557c45f8dc2513b23484f5
21	14	220	Narrator	c8ed10c9fc68227d7fe17887b558a9c4
22	1	221	Learner	c24c16148edc3b2d8ace5dd7f6959882
22	2	222	Friend	a8040b0a3d95ef89e87cf43deb00c5ca
22	3	223	Learner	b4e60a590a50dc74baf7ed4bf5bc4be6
22	4	224	Friend	15d6200415181b8eb1c842a1a53a0917
22	5	225	Learner	beb0394ce89cd9183e5d903dcf4183a8
22	6	226	Friend	d8b29455cf6c586eef6f24646dd2fab9
22	7	227	Learner	a1c3d02f7c119f1dbfde1c0e56a04a97
22	8	228	Friend	4f58f4573664f9efa73634407ac75947
22	9	229	Learner	95d5aca2db8946dea751606ddb0377ab
22	10	230	Friend	29827b2e81eb3bb465dad6e9ef61e523
22	11	231	Learner	e5731ee5d0709cc7bd90f62bc4d1d9b0
